,GAME_ID,DATE,TEAM_ABBREVIATION,WINS,LOSSES,PTS,PTS_QTR1,PTS_QTR2,PTS_QTR3,PTS_QTR4,FG_PCT,FT_PCT,FG3_PCT,AST,REB,TOV,LOC
0,6390,2019-10-23,NOP,0,1,122,30,31,25,31,42.2,85.0,42.2,30,53,19,0
1,6391,2019-10-23,LAL,0,1,102,25,29,31,17,43.5,71.4,39.4,20,41,14,0
2,6392,2019-10-23,CHI,0,1,125,28,27,40,30,46.7,81.8,30.0,25,49,10,0
3,6393,2019-10-23,DET,1,0,119,27,27,29,36,52.6,78.8,45.8,26,45,18,0
4,6394,2019-10-23,CLE,0,1,85,24,17,24,20,37.5,66.7,26.5,20,54,16,0
5,6395,2019-10-23,MIN,1,0,127,33,35,20,27,42.6,78.6,30.2,23,52,13,0
6,6396,2019-10-23,MEM,0,1,101,32,28,24,17,42.7,66.7,15.6,22,40,24,0
7,6397,2019-10-23,BOS,0,1,93,25,23,20,25,36.7,58.8,26.9,18,41,10,0
8,6398,2019-10-24,WAS,0,1,100,25,23,20,32,39.8,83.3,26.8,26,47,17,0
9,6399,2019-10-24,NYK,0,1,111,15,36,33,27,46.8,72.2,33.3,24,39,14,0
10,6400,2019-10-24,OKC,0,1,95,12,34,28,21,38.6,67.7,37.0,15,48,13,0
11,6401,2019-10-24,SAC,0,1,95,29,30,17,19,39.1,65.4,34.5,17,47,26,0
12,6402,2019-10-24,DEN,1,0,108,24,30,19,35,42.0,81.5,56.2,24,45,19,0
13,6403,2019-10-24,ATL,1,0,117,38,22,31,26,51.2,85.7,35.5,27,42,13,0
14,6404,2019-10-25,MIL,1,0,117,23,27,28,39,46.5,50.0,34.8,31,53,11,0
15,6405,2019-10-25,LAC,2,0,141,35,30,46,30,62.5,76.7,56.2,33,39,17,0
16,6406,2019-10-25,TOR,1,1,106,21,28,33,24,47.4,82.4,50.0,22,46,23,0
17,6407,2019-10-25,MIN,2,0,121,30,28,45,18,47.3,74.2,31.6,30,52,15,0
18,6408,2019-10-25,NYK,0,2,109,23,28,32,26,46.9,57.1,68.0,17,39,26,0
19,6409,2019-10-26,CHI,1,1,110,25,22,32,31,43.0,75.0,28.6,18,45,13,0
20,6410,2019-10-26,DAL,2,0,123,27,45,23,28,48.4,73.1,35.0,23,49,11,0
21,6411,2019-10-26,WAS,1,1,97,28,24,26,19,40.2,80.0,26.8,21,47,15,0
22,6412,2019-10-26,PHX,1,1,107,21,24,17,33,39.5,96.9,28.6,25,54,17,0
23,6413,2019-10-26,POR,1,1,122,25,32,37,28,54.1,86.4,36.7,23,40,16,0
24,6414,2019-10-26,UTA,1,1,86,17,20,18,31,41.4,95.2,32.0,19,40,22,0
25,6415,2019-10-26,MIA,2,0,131,29,24,29,39,45.5,63.9,36.4,33,54,16,0
26,6416,2019-10-26,PHI,2,0,117,28,26,29,34,48.3,66.7,38.2,30,38,22,0
27,6417,2019-10-26,ORL,1,1,99,26,24,25,24,35.4,92.3,16.1,15,46,10,0
28,6418,2019-10-26,BOS,2,1,118,22,24,36,36,45.2,65.5,36.6,24,45,12,0
29,6419,2019-10-27,IND,0,2,99,28,20,26,25,44.8,84.6,35.7,23,36,17,0
30,6420,2019-10-27,TOR,2,1,108,24,24,36,24,46.3,94.4,35.7,27,59,22,0
31,6421,2019-10-27,NOP,0,3,123,24,37,39,23,46.0,81.2,36.0,27,42,17,0
32,6422,2019-10-27,WAS,1,2,122,26,34,30,32,49.5,70.6,47.1,30,41,12,0
33,6423,2019-10-27,SAC,0,3,81,25,16,17,23,37.0,82.4,26.9,16,31,17,0
34,6424,2019-10-27,LAC,2,1,122,22,33,30,37,46.0,79.5,34.4,20,41,12,0
35,6425,2019-10-27,GSW,0,2,92,20,17,31,24,32.6,87.1,15.2,17,39,14,0
36,6426,2019-10-27,BKN,1,2,133,29,28,40,23,43.6,81.1,33.3,28,53,17,0
37,6427,2019-10-27,POR,2,1,121,25,34,36,26,51.7,84.6,40.9,13,48,16,0
38,6428,2019-10-27,MIA,2,1,109,23,34,27,25,49.4,66.7,41.7,25,41,21,0
39,6429,2019-10-28,CHA,1,2,101,28,34,18,21,38.5,91.3,28.6,19,45,14,0
40,6430,2019-10-28,IND,0,3,94,25,28,18,23,41.5,76.9,28.6,24,45,7,0
41,6431,2019-10-28,CHI,1,3,98,33,19,28,18,42.4,81.0,25.7,19,38,9,0
42,6432,2019-10-28,PHI,3,0,105,31,32,19,23,42.0,80.0,26.8,22,49,21,0
43,6433,2019-10-28,ORL,1,2,95,22,24,21,28,38.2,83.3,30.8,22,47,16,0
44,6435,2019-10-29,CLE,1,2,112,31,21,28,32,45.0,83.3,30.8,19,48,11,0
45,6436,2019-10-29,GSW,1,2,134,27,45,31,31,49.0,75.0,40.0,37,61,18,0
46,6437,2019-10-29,POR,2,2,110,33,18,20,39,39.0,81.5,30.3,19,49,10,0
47,6438,2019-10-29,UTA,3,1,96,28,18,24,26,38.0,82.1,32.3,19,49,23,0
48,6439,2019-10-29,DEN,3,0,101,21,26,30,24,36.7,90.5,27.8,19,54,10,0
49,6440,2019-10-29,CHA,1,3,96,28,26,20,22,43.4,71.4,35.9,24,38,21,0
50,6441,2019-10-29,ATL,2,2,97,26,23,21,27,42.2,66.7,28.2,28,33,20,0
51,6442,2019-10-30,DAL,3,1,109,27,33,23,26,48.8,58.3,35.1,29,42,8,0
52,6443,2019-10-30,MEM,1,3,91,32,15,20,24,32.6,95.7,20.6,20,46,21,0
53,6444,2019-10-30,CHI,1,4,111,26,27,29,29,43.3,82.6,35.9,25,32,6,0
54,6445,2019-10-30,NYK,1,4,83,25,19,23,16,37.8,70.0,22.6,19,44,11,0
55,6446,2019-10-30,MIN,3,1,95,24,19,35,17,39.5,75.0,28.6,12,34,21,0
56,6447,2019-10-30,MIL,2,2,105,34,24,18,29,46.3,62.5,31.1,21,45,15,0
57,6448,2019-10-30,IND,1,3,118,31,29,30,28,46.9,85.0,42.3,25,41,9,0
58,6449,2019-10-30,DET,2,3,113,28,30,27,28,46.6,73.9,46.7,30,42,20,0
59,6450,2019-10-31,HOU,3,1,159,35,41,35,48,53.4,78.8,42.6,34,44,13,0
60,6451,2019-10-31,POR,3,2,102,24,25,19,34,39.3,78.4,14.8,15,55,18,0
61,6452,2019-10-31,LAC,3,2,96,23,28,20,25,47.6,83.3,34.8,19,36,19,0
62,6453,2019-10-31,CHA,2,3,118,30,31,32,25,54.8,71.4,50.0,30,46,20,0
63,6454,2019-10-31,PHX,3,2,121,43,29,23,26,45.8,85.7,41.7,33,45,16,0
64,6455,2019-10-31,MIA,4,1,106,30,22,33,21,47.6,63.2,37.8,29,41,13,0
65,6456,2019-11-01,DEN,3,2,107,30,22,23,32,48.3,87.5,26.9,24,35,14,0
66,6457,2019-11-01,SAS,3,1,97,24,24,27,22,45.0,66.7,33.3,15,49,19,0
67,6458,2019-11-01,HOU,3,2,116,33,26,24,33,41.4,81.5,25.0,21,40,12,0
68,6459,2019-11-01,CLE,2,3,95,26,11,24,34,36.8,80.0,34.4,20,46,16,0
69,6460,2019-11-01,MIL,3,2,123,31,31,26,35,50.5,66.7,36.2,24,58,13,0
70,6461,2019-11-01,NYK,1,5,102,23,27,24,28,39.8,66.7,36.8,22,51,13,0
71,6462,2019-11-02,DET,2,4,106,23,29,28,26,48.2,75.0,20.7,21,47,16,0
72,6463,2019-11-02,LAL,4,1,119,20,28,28,27,49.0,76.2,28.1,24,41,11,0
73,6464,2019-11-02,UTA,4,2,101,18,30,32,21,47.9,74.1,39.3,18,36,17,0
74,6465,2019-11-02,SAS,4,1,127,29,28,40,30,47.3,86.7,37.1,23,52,11,0
75,6466,2019-11-02,NOP,1,5,104,26,34,26,18,42.6,59.1,34.4,25,56,16,0
76,6467,2019-11-02,BKN,2,4,109,26,28,18,37,46.2,76.5,31.2,24,48,14,0
77,6468,2019-11-02,DEN,4,2,91,17,23,29,22,37.0,71.8,32.1,15,41,13,0
78,6469,2019-11-03,MIN,4,1,131,42,28,36,25,54.3,70.6,43.6,33,47,21,0
79,6470,2019-11-03,PHX,4,2,114,31,14,37,32,50.0,75.0,41.2,26,32,17,0
80,6471,2019-11-03,TOR,4,2,105,17,33,40,15,40.5,88.0,41.7,24,42,13,0
81,6472,2019-11-03,CHA,3,3,93,25,25,18,25,42.4,69.6,17.2,18,48,12,0
82,6473,2019-11-03,PHI,5,0,129,27,30,35,37,50.5,83.3,33.3,36,46,11,0
83,6474,2019-11-03,CHI,2,5,95,18,24,32,21,42.9,56.0,31.0,27,42,18,0
84,6475,2019-11-03,HOU,3,3,100,14,32,25,29,39.2,77.4,29.2,19,38,22,0
85,6476,2019-11-03,SAC,2,5,113,32,29,29,23,48.2,64.0,38.5,25,50,14,0
86,6477,2019-11-04,LAL,5,1,103,26,30,21,26,48.3,68.4,25.0,21,46,18,0
87,6478,2019-11-04,DAL,4,2,131,31,27,32,41,53.2,84.6,48.8,34,51,13,0
88,6479,2019-11-04,UTA,4,3,94,20,21,28,25,39.7,71.0,32.3,16,37,14,0
89,6480,2019-11-05,DET,3,5,99,30,31,17,21,41.5,78.3,48.1,21,42,19,0
90,6481,2019-11-05,NOP,1,6,125,27,23,48,27,49.5,76.2,40.6,18,39,21,0
91,6482,2019-11-05,HOU,4,3,107,33,29,22,23,37.6,69.0,34.0,20,51,18,0
92,6483,2019-11-05,MIL,5,2,134,31,33,38,32,53.8,66.7,35.9,24,57,17,0
93,6484,2019-11-05,PHI,5,1,109,31,30,21,27,47.2,60.0,44.8,21,38,20,0
94,6485,2019-11-05,POR,3,4,118,32,31,20,35,44.8,78.6,32.5,16,44,6,0
95,6486,2019-11-06,IND,3,4,120,35,29,28,21,54.3,85.7,40.0,27,43,18,0
96,6487,2019-11-06,BOS,5,1,119,32,29,28,30,56.5,73.3,40.0,24,45,14,0
97,6488,2019-11-06,SAS,4,3,100,21,24,33,22,41.8,69.6,24.2,18,41,15,0
98,6489,2019-11-06,LAL,6,1,118,24,24,32,38,48.9,70.8,33.3,26,49,15,0
99,6491,2019-11-06,MIA,5,2,89,28,20,21,20,36.4,64.0,31.0,23,44,13,0
100,6492,2019-11-07,NYK,1,7,102,25,34,26,17,48.8,61.9,44.0,24,30,13,0
101,6493,2019-11-07,WAS,2,5,106,26,36,18,26,38.9,100,32.5,24,48,16,0
102,6494,2019-11-07,CHI,3,6,113,33,23,35,22,50.0,66.7,39.4,26,43,17,0
103,6495,2019-11-07,SAC,2,6,120,23,35,30,32,44.2,76.2,45.5,23,43,14,0
104,6496,2019-11-07,GSW,2,6,112,29,23,31,29,39.6,82.1,39.4,22,51,10,0
105,6497,2019-11-07,MIN,4,3,121,26,38,32,25,44.8,73.1,35.6,29,36,11,0
106,6498,2019-11-07,ORL,2,6,106,28,28,23,27,48.8,78.6,25.0,25,44,18,0
107,6499,2019-11-07,PHI,5,2,104,29,27,17,31,41.2,88.2,32.0,20,42,14,0
108,6500,2019-11-07,MIL,6,2,129,28,42,28,31,42.9,79.4,36.7,18,54,15,0
109,6501,2019-11-08,BOS,6,1,108,30,22,33,23,43.0,78.3,30.3,29,52,12,0
110,6502,2019-11-08,OKC,3,5,112,30,27,27,28,52.5,75.0,47.6,26,31,13,0
111,6503,2019-11-08,MIA,6,2,124,31,33,29,31,54.9,79.2,53.6,22,41,13,0
112,6504,2019-11-08,POR,3,5,101,22,18,36,25,37.5,75.0,28.2,18,51,13,0
113,6505,2019-11-09,DET,4,6,106,35,18,19,34,45.3,83.3,39.4,27,40,15,0
114,6506,2019-11-09,MEM,2,6,86,15,33,30,8,37.2,84.6,37.9,23,36,18,0
115,6507,2019-11-09,CLE,3,5,113,30,37,21,25,45.6,86.2,22.2,18,48,12,0
116,6508,2019-11-09,SAC,3,6,121,31,32,28,30,55.3,86.4,58.1,27,36,14,0
117,6509,2019-11-09,GSW,2,7,119,31,30,25,24,41.7,95.8,28.6,18,49,19,0
118,6510,2019-11-09,TOR,6,2,122,30,45,22,25,44.1,87.5,44.2,27,53,17,0
119,6511,2019-11-09,NYK,2,7,106,36,25,23,22,41.6,58.1,50.0,19,56,12,0
120,6512,2019-11-09,PHI,5,3,97,24,33,27,13,44.2,47.1,50.0,28,49,17,0
121,6513,2019-11-09,MIL,6,3,100,16,19,39,26,35.8,73.3,27.8,14,54,12,0
122,6514,2019-11-09,BKN,4,4,119,26,28,35,30,41.4,70.0,43.2,18,51,9,0
123,6515,2019-11-09,MIA,6,3,80,21,25,20,14,35.0,75.0,17.1,18,37,12,0
124,6516,2019-11-09,BOS,7,1,135,39,33,32,31,51.1,89.3,37.8,28,43,8,0
125,6517,2019-11-10,NOP,2,7,115,33,22,26,34,53.3,70.0,42.4,25,45,26,0
126,6518,2019-11-10,HOU,6,3,117,20,30,36,31,47.0,71.4,43.2,18,55,22,0
127,6519,2019-11-10,DAL,6,3,138,31,37,36,34,53.6,80.0,42.9,27,47,14,0
128,6520,2019-11-10,GSW,2,8,108,27,16,41,24,49.4,100,31.8,22,34,15,0
129,6521,2019-11-10,DEN,7,2,100,27,22,27,14,38.6,64.7,39.3,26,57,20,0
130,6522,2019-11-10,IND,6,4,109,29,22,30,28,52.7,80.0,45.0,31,43,9,0
131,6523,2019-11-10,CHA,4,6,106,24,34,23,25,45.2,72.7,42.4,22,31,13,0
132,6524,2019-11-11,MIL,7,3,121,21,29,37,34,56.6,88.9,39.3,27,48,22,0
133,6525,2019-11-11,CLE,4,5,108,31,23,24,30,43.9,90.3,28.6,20,45,14,0
134,6526,2019-11-11,BKN,4,5,112,30,20,30,32,48.4,94.1,23.5,27,43,17,0
135,6527,2019-11-11,ATL,3,6,113,21,23,31,32,40.4,72.0,26.8,21,48,16,0
136,6528,2019-11-11,TOR,7,2,113,29,23,26,35,48.3,68.2,33.3,26,43,13,0
137,6529,2019-11-12,MIN,6,4,120,41,25,26,28,50.6,78.9,44.1,25,45,16,0
138,6530,2019-11-12,DAL,6,4,106,21,33,25,27,41.6,75.0,26.2,22,46,6,0
139,6531,2019-11-12,HOU,7,3,122,30,28,32,32,51.8,68.8,29.3,16,47,17,0
140,6532,2019-11-12,MEM,3,7,113,35,22,34,22,50.6,70.0,39.3,32,47,11,0
141,6533,2019-11-12,UTA,7,3,122,34,35,28,25,49.4,81.2,45.7,30,43,12,0
142,6534,2019-11-12,TOR,7,3,88,23,23,32,10,40.0,60.0,36.7,25,38,15,0
143,6535,2019-11-13,OKC,4,7,85,25,17,20,23,35.4,87.5,24.0,19,40,15,0
144,6536,2019-11-13,CLE,4,6,97,21,27,30,19,44.2,80.0,23.8,13,45,13,0
145,6537,2019-11-13,DET,4,8,108,17,20,35,36,43.6,67.6,36.6,27,32,16,0
146,6538,2019-11-13,NYK,2,9,102,22,32,31,17,40.9,64.5,31.2,27,38,18,0
147,6539,2019-11-13,ATL,4,6,125,25,38,35,27,53.0,64.7,44.1,30,45,14,0
148,6540,2019-11-13,LAL,8,2,123,26,34,35,28,53.7,52.4,40.0,39,44,9,0
149,6541,2019-11-13,BKN,4,6,114,35,33,24,22,45.6,84.0,29.7,19,43,16,0
150,6542,2019-11-13,POR,4,7,99,24,25,21,29,44.2,76.7,26.7,15,40,17,0
151,6543,2019-11-14,MEM,4,7,119,26,37,31,25,53.9,66.7,48.6,32,45,23,0
152,6544,2019-11-14,PHI,7,4,97,30,23,29,15,44.0,69.2,26.7,25,47,15,0
153,6545,2019-11-14,WAS,2,7,133,34,32,30,37,52.1,81.5,37.9,28,36,8,0
154,6546,2019-11-14,LAC,7,4,93,15,22,31,25,38.8,50.0,30.3,17,53,13,0
155,6547,2019-11-14,SAS,5,6,114,24,35,36,19,48.9,79.3,17.6,24,44,11,0
156,6548,2019-11-14,GSW,2,10,94,26,29,27,12,40.4,76.5,25.7,29,33,17,0
157,6549,2019-11-14,TOR,8,3,114,23,31,33,27,45.7,94.1,43.8,20,50,12,0
158,6550,2019-11-14,MIA,8,3,108,34,34,26,14,54.4,90.9,40.0,31,41,18,0
159,6551,2020-01-19,MIA,29,13,102,31,23,30,18,43.0,90.0,29.4,23,47,9,0
160,6552,2020-01-20,IND,28,15,115,15,29,30,41,50.0,84.2,44.8,31,38,14,0
161,6553,2020-01-20,DET,16,28,100,35,23,23,19,42.7,70.0,31.2,19,41,17,0
162,6554,2020-01-20,TOR,29,14,122,36,21,26,39,41.3,76.7,31.0,25,45,14,0
163,6555,2020-01-20,PHI,29,16,117,29,35,26,27,44.7,74.1,33.3,30,43,12,0
164,6556,2020-01-20,ORL,21,23,106,19,32,21,34,47.8,44.4,50.0,25,47,9,0
165,6557,2020-01-20,NYK,12,32,106,26,23,30,27,48.2,88.2,39.1,17,49,10,0
166,6558,2020-01-20,SAC,15,28,113,24,34,20,27,41.5,80.0,25.5,27,49,15,0
167,6559,2020-01-20,OKC,25,19,112,22,35,14,41,43.5,76.9,37.5,14,47,12,0
168,6560,2020-01-20,NOP,17,27,126,31,38,29,28,47.7,87.5,43.8,24,43,16,0
169,6561,2020-01-20,CHI,16,29,98,23,29,25,21,37.0,88.9,29.2,18,39,16,0
170,6562,2020-01-21,LAL,34,9,107,30,25,25,27,43.8,75.9,26.9,22,36,15,0
171,6563,2020-01-21,DEN,30,13,107,26,29,26,26,47.8,83.3,35.5,26,53,13,0
172,6564,2020-01-21,SAS,19,23,120,28,38,30,24,49.4,77.3,54.8,30,31,8,0
173,6565,2020-01-21,IND,28,16,88,23,21,19,25,41.9,42.9,26.9,23,30,13,0
174,6566,2020-01-21,GSW,10,35,124,23,34,35,21,41.4,86.4,25.0,30,60,9,0
175,6567,2020-01-22,LAC,31,13,110,24,36,22,28,37.1,78.8,31.6,19,57,10,0
176,6568,2020-01-23,SAC,15,29,106,27,23,25,31,42.9,52.2,28.6,23,45,10,0
177,6570,2020-01-23,LAC,31,14,95,32,28,15,20,42.3,64.1,19.0,19,45,14,0
178,6571,2020-01-23,MEM,20,24,95,27,17,19,32,42.4,80.0,34.4,24,40,16,0
179,6572,2020-01-23,WAS,14,29,129,27,23,33,35,50.5,80.0,31.0,30,41,11,0
180,6573,2020-01-23,LAL,35,9,100,28,20,28,24,43.9,67.9,33.3,18,43,10,0
181,6574,2020-01-23,PHI,29,17,95,35,15,22,23,38.1,72.2,39.1,25,45,13,0
182,6575,2020-01-23,MIN,15,29,110,26,26,27,31,47.7,54.2,34.1,27,43,18,0
183,6576,2020-01-23,DEN,30,14,105,28,15,28,34,45.7,73.3,35.7,25,40,15,0
184,6577,2020-01-23,SAS,20,23,121,31,29,34,27,50.6,80.0,40.7,17,44,11,0
185,6578,2020-01-23,IND,29,16,112,30,24,29,29,53.6,65.0,45.0,26,42,9,0
186,6579,2020-01-23,UTA,31,13,129,31,34,35,29,53.8,52.2,42.5,31,56,9,0
187,6580,2020-01-24,WAS,15,29,124,29,39,32,24,55.3,77.8,44.4,28,41,10,0
188,6581,2020-01-24,LAL,36,9,128,38,37,29,24,50.0,75.0,50.0,28,52,15,0
189,6582,2020-01-24,DAL,28,16,133,45,33,25,30,51.6,62.5,46.8,27,41,8,0
190,6583,2020-01-24,MIL,40,6,116,24,26,28,38,50.6,75.0,27.8,26,53,15,0
191,6584,2020-01-25,MEM,21,24,125,35,31,26,33,54.4,90.3,50.0,27,49,14,0
192,6585,2020-01-25,BOS,30,14,109,24,29,29,27,46.5,83.3,40.0,27,44,13,0
193,6586,2020-01-25,TOR,31,14,118,20,36,29,33,50.6,82.6,48.6,25,31,7,0
194,6587,2020-01-25,LAC,32,14,122,22,41,38,21,45.7,87.0,45.7,33,48,8,0
195,6588,2020-01-25,SAC,16,29,98,29,25,21,23,43.2,85.7,31.2,24,42,13,0
196,6589,2020-01-25,HOU,28,16,131,36,27,31,37,51.6,83.9,34.4,24,34,10,0
197,6590,2020-01-25,DEN,31,14,113,37,26,31,19,37.7,100,31.7,26,56,11,0
198,6591,2020-01-25,ATL,11,35,111,30,28,32,21,45.7,80.0,30.6,24,37,11,0
199,6592,2020-01-25,PHX,19,26,103,22,34,22,25,46.4,81.0,27.6,25,42,13,0
200,6593,2020-01-25,IND,30,16,129,35,32,31,31,57.5,92.3,60.7,35,36,10,0
201,6594,2020-01-25,DAL,28,17,107,36,22,26,23,43.3,53.8,39.0,19,44,9,0
202,6595,2020-01-26,BKN,19,25,121,26,24,30,26,44.7,88.0,35.7,19,55,10,0
203,6596,2020-01-26,CHI,18,30,118,25,34,40,19,51.8,75.0,36.4,24,36,9,0
204,6597,2020-01-26,OKC,28,19,113,28,24,39,22,48.8,96.0,45.8,20,43,11,0
205,6598,2019-11-21,DET,4,10,89,30,25,16,18,33.7,78.1,24.2,23,46,16,0
206,6599,2019-11-21,UTA,9,5,103,26,22,25,30,40.7,70.4,42.4,22,51,11,0
207,6600,2019-11-21,HOU,11,4,95,22,29,22,22,42.1,76.0,31.6,19,43,20,0
208,6602,2019-11-22,POR,5,11,129,27,31,40,31,48.5,85.7,43.6,32,41,8,0
209,6603,2019-11-22,NOP,6,9,124,38,21,36,29,53.4,63.6,45.7,28,44,17,0
210,6604,2019-11-23,ATL,4,11,103,23,34,27,19,43.2,100,27.0,26,34,19,0
211,6605,2019-11-23,CHA,6,10,118,34,34,28,22,51.6,100,41.2,24,44,16,0
212,6606,2019-11-23,SAC,6,8,97,23,26,21,27,45.3,78.9,15.4,26,33,16,0
213,6607,2019-11-23,SAS,5,11,104,22,30,28,24,50.6,75.0,33.3,21,32,11,0
214,6608,2019-11-23,MIA,11,3,116,34,33,18,31,49.4,85.7,36.8,33,44,19,0
215,6609,2019-11-23,LAL,13,2,130,34,32,40,24,51.1,79.3,54.8,32,45,15,0
216,6610,2019-11-23,CLE,4,11,101,26,16,29,30,43.0,88.2,41.4,23,34,10,0
217,6611,2019-11-23,BOS,11,4,92,13,21,23,35,40.7,82.6,25.9,21,40,11,0
218,6612,2019-11-23,GSW,3,14,109,28,23,21,37,45.7,91.7,42.9,28,37,8,0
219,6613,2019-11-23,HOU,11,5,119,23,28,33,35,46.4,68.4,34.9,22,43,15,0
220,6614,2019-11-23,PHX,8,7,100,30,22,30,18,34.4,92.3,28.6,22,56,7,0
221,6615,2019-11-24,CHI,6,11,116,34,22,13,47,45.3,66.7,46.8,27,39,13,0
222,6616,2019-11-24,ORL,6,9,106,25,20,40,21,46.7,77.8,41.9,24,33,13,0
223,6617,2019-11-24,TOR,11,4,119,26,26,35,32,45.5,86.7,35.1,22,42,15,0
224,6618,2019-11-24,SAS,6,11,111,32,36,21,22,53.3,67.9,52.2,26,47,22,0
225,6619,2019-11-24,MIA,11,4,86,13,22,24,27,40.0,74.1,25.0,12,38,17,0
226,6620,2019-11-24,POR,5,12,104,19,23,27,35,44.8,75.0,35.0,21,38,10,0
227,6621,2019-11-24,LAL,14,2,109,25,30,30,24,45.2,69.0,33.3,19,40,16,0
228,6622,2019-11-24,DET,5,11,90,24,23,22,21,40.7,60.0,28.6,22,40,15,0
229,6623,2019-11-24,NOP,6,10,120,31,23,34,32,41.6,95.0,41.5,21,38,10,0
230,6624,2019-11-24,DAL,11,5,137,45,33,27,32,48.0,78.6,38.6,28,46,12,0
231,6626,2019-11-24,SAC,7,8,113,24,33,33,23,48.1,85.7,35.5,22,39,13,0
232,6627,2019-11-25,PHX,8,8,104,28,29,20,27,50.0,83.3,34.3,25,36,12,0
233,6628,2019-11-25,NOP,6,11,109,27,29,31,22,43.9,55.6,31.7,26,45,9,0
234,6629,2019-11-26,BKN,9,8,108,25,27,29,27,46.8,81.8,32.4,29,48,9,0
235,6630,2019-11-26,ORL,6,10,88,31,24,15,18,38.1,72.7,32.0,15,41,9,0
236,6631,2019-11-26,MEM,5,11,114,27,29,27,31,47.9,69.2,44.8,30,40,8,0
237,6632,2019-11-26,MIN,9,8,125,38,16,39,32,45.6,77.8,42.9,27,47,13,0
238,6633,2019-11-26,SAC,7,9,102,22,24,29,27,46.8,66.7,38.3,28,36,14,0
239,6634,2019-11-26,CHA,6,12,100,31,27,24,18,41.4,76.0,27.3,25,35,13,0
240,6635,2019-11-26,PHI,11,6,96,34,15,31,16,40.9,56.2,37.5,25,51,16,0
241,6636,2019-11-26,POR,6,12,117,27,35,30,25,51.7,77.3,29.6,23,55,15,0
242,6637,2019-11-26,UTA,11,6,118,25,32,26,35,50.6,91.7,46.7,29,40,16,0
243,6638,2019-11-26,LAL,15,2,114,25,29,32,28,49.4,66.7,42.4,28,40,9,0
244,6639,2019-11-26,OKC,6,10,100,25,28,21,26,47.1,81.8,34.4,26,43,15,0
245,6640,2019-11-27,LAC,13,5,114,34,28,31,21,42.3,70.0,33.3,22,56,14,0
246,6641,2019-11-27,WAS,5,10,104,23,24,22,35,42.1,66.7,25.0,26,36,12,0
247,6642,2019-11-28,BKN,9,9,110,23,40,23,24,44.4,47.4,37.5,32,38,15,0
248,6643,2019-11-28,DET,6,12,101,32,28,20,21,46.6,60.0,31.2,23,46,8,0
249,6644,2019-11-28,ORL,7,10,116,27,32,28,29,48.4,82.4,36.4,23,34,11,0
250,6645,2019-11-28,UTA,11,7,102,20,23,37,22,43.4,80.0,31.2,19,40,16,0
251,6646,2019-11-28,SAC,7,10,91,18,28,19,26,41.1,44.4,26.5,22,42,11,0
252,6647,2019-11-28,NYK,4,14,98,29,17,23,29,37.5,83.3,29.3,19,45,18,0
253,6648,2019-11-28,MIA,12,5,108,23,19,26,40,46.2,74.1,37.8,22,41,18,0
254,6649,2019-11-28,LAC,14,5,121,35,29,28,29,46.3,76.0,34.1,30,43,15,0
255,6650,2019-11-28,ATL,4,14,102,17,42,23,20,40.4,68.2,32.4,22,49,17,0
256,6651,2019-11-28,MIN,10,8,113,22,35,24,32,43.5,77.8,45.0,28,53,11,0
257,6652,2019-11-28,WAS,6,10,140,36,38,34,32,57.3,95.0,54.3,32,34,14,0
258,6653,2019-11-28,LAL,16,2,114,25,29,25,35,51.8,72.0,33.3,25,37,15,0
259,6654,2019-11-28,OKC,6,11,119,26,24,27,42,44.3,78.9,31.4,19,38,6,0
260,6655,2019-11-28,CHI,6,13,90,17,31,25,17,38.2,66.7,34.5,20,42,17,0
261,6656,2019-11-29,BOS,13,5,107,24,31,26,26,44.1,76.2,32.1,16,48,19,0
262,6657,2019-11-30,CHA,8,12,110,38,24,23,25,48.2,73.3,50.0,26,37,10,0
263,6658,2019-11-30,TOR,14,4,90,20,20,26,24,36.9,60.7,28.9,21,46,13,0
264,6659,2019-11-30,MIL,16,3,119,38,29,32,20,51.1,73.9,35.3,28,47,13,0
265,6660,2019-11-30,PHI,13,6,101,18,21,31,31,43.1,80.0,26.9,22,46,16,0
266,6661,2019-11-30,ATL,4,15,104,23,31,11,29,42.9,94.4,28.1,14,49,24,0
267,6662,2019-11-30,GSW,4,16,105,21,37,21,26,39.0,87.5,35.7,19,30,9,0
268,6663,2019-11-30,UTA,12,7,103,22,18,35,28,40.0,78.9,34.3,18,52,5,0
269,6664,2019-11-30,NOP,6,13,104,26,27,31,20,44.8,71.4,28.9,19,44,13,0
270,6665,2019-11-30,LAC,14,6,97,30,23,18,26,39.1,100,36.4,23,48,14,0
271,6666,2019-11-30,DAL,12,6,120,31,22,36,31,41.2,86.8,36.2,20,47,8,0
272,6667,2019-11-30,CHI,6,14,103,28,19,31,25,38.3,68.0,36.8,24,47,11,0
273,6668,2019-11-30,WAS,6,11,103,23,26,30,24,39.6,89.5,27.0,25,45,17,0
274,6669,2019-11-30,DEN,13,4,97,27,30,18,15,41.4,66.7,34.4,23,48,16,0
275,6670,2019-12-01,IND,12,7,116,29,36,28,23,55.3,84.0,50.0,22,31,19,0
276,6671,2019-12-01,ATL,4,16,111,21,31,21,38,42.7,80.0,32.6,26,29,13,0
277,6672,2019-12-01,CHA,8,13,96,25,24,26,21,36.6,87.5,33.3,21,53,12,0
278,6673,2019-12-01,MIA,14,5,109,32,26,25,26,38.9,82.1,32.4,16,51,9,0
279,6674,2019-12-01,BOS,14,5,113,31,27,23,32,44.1,72.7,36.6,25,44,13,0
280,6675,2019-12-01,MEM,6,13,115,25,23,38,29,41.0,81.0,40.0,27,50,11,0
281,6676,2019-12-01,DAL,13,6,114,25,34,35,20,43.3,72.2,34.7,24,51,13,0
282,6677,2019-12-01,SAS,7,14,98,27,24,20,27,40.9,86.4,26.9,20,31,8,0
283,6678,2019-12-01,OKC,8,11,107,33,23,26,25,46.9,76.9,33.3,19,47,11,0
284,6679,2019-12-01,GSW,4,17,96,22,29,20,25,39.6,78.3,26.1,21,46,10,0
285,6680,2019-12-01,UTA,12,8,110,20,17,49,24,42.2,72.4,37.1,21,51,18,0
286,6681,2019-12-02,WAS,6,12,125,35,22,41,27,46.1,74.1,36.7,32,43,14,0
287,6682,2019-12-03,PHX,9,10,109,28,31,21,29,44.3,73.3,21.4,30,37,7,0
288,6683,2019-12-03,UTA,12,9,94,23,19,24,28,46.9,65.0,22.7,23,42,19,0
289,6684,2019-12-03,GSW,4,18,79,23,17,13,26,39.8,83.3,17.6,17,46,23,0
290,6685,2019-12-03,IND,13,7,117,24,33,28,32,50.0,86.7,42.1,31,44,15,0
291,6686,2019-12-03,NYK,4,17,88,15,30,17,26,30.8,66.7,25.6,13,42,10,0
292,6687,2019-12-03,CHI,7,14,113,22,33,29,29,48.0,86.2,43.2,20,32,18,0
293,6688,2019-12-04,DET,8,13,127,32,30,35,30,54.3,63.6,51.4,33,46,11,0
294,6689,2019-12-04,ORL,9,11,127,32,36,29,30,51.1,74.1,48.4,26,48,13,0
295,6690,2019-12-04,MIA,15,5,121,32,26,25,25,45.5,76.2,39.5,29,55,11,0
296,6691,2019-12-04,DAL,14,6,118,24,35,25,34,43.2,85.2,42.2,22,51,10,0
297,6692,2019-12-04,HOU,13,7,133,25,38,34,18,37.5,94.4,29.4,22,60,16,0
298,6693,2019-12-04,LAL,18,3,105,28,32,24,21,46.4,66.7,29.2,24,56,16,0
299,6694,2019-12-04,POR,8,13,97,30,29,17,21,42.9,80.0,25.9,20,49,13,0
300,6695,2019-12-05,GSW,4,19,91,20,34,22,15,46.2,66.7,39.1,18,37,16,0
301,6697,2019-12-05,PHX,9,11,114,37,21,28,28,48.9,65.0,45.5,36,29,13,0
302,6698,2019-12-05,BKN,11,10,130,22,34,35,39,49.5,88.9,45.2,26,53,15,0
303,6699,2019-12-05,MIA,15,6,93,28,16,25,24,44.2,64.7,36.8,20,40,18,0
304,6700,2019-12-05,MEM,6,15,99,20,15,29,35,38.5,85.7,23.3,24,46,12,0
305,6701,2019-12-05,IND,14,7,107,26,23,30,28,48.3,82.4,37.5,19,39,8,0
306,6702,2019-12-05,MIN,10,10,114,25,31,28,30,41.6,88.5,44.7,23,44,12,0
307,6703,2019-12-05,LAL,19,3,121,34,31,29,27,51.1,60.0,48.3,27,46,7,0
308,6704,2019-12-05,SAC,8,12,116,35,29,31,21,46.3,73.9,32.4,26,44,10,0
309,6705,2019-12-06,PHI,15,7,113,33,22,26,32,45.6,81.2,40.7,25,41,11,0
310,6706,2019-12-06,DEN,14,5,129,33,34,31,31,56.3,55.6,53.8,38,48,13,0
311,6707,2019-12-06,HOU,14,7,119,34,29,31,25,40.8,89.5,40.0,29,54,22,0
312,6708,2019-12-06,PHX,10,11,139,38,36,33,18,47.2,92.6,38.9,30,51,18,0
313,6709,2019-12-07,BKN,12,10,111,29,26,31,25,47.7,80.0,39.5,35,49,16,0
314,6710,2019-12-07,ORL,11,11,93,24,28,16,25,39.0,87.0,34.6,19,43,17,0
315,6711,2019-12-07,IND,14,8,101,19,25,31,26,45.8,80.0,37.5,24,33,11,0
316,6712,2019-12-07,DEN,14,6,95,26,19,19,31,41.5,80.0,16.7,18,41,12,0
317,6713,2019-12-07,WAS,7,14,103,28,37,20,18,42.9,92.9,30.8,29,39,11,0
318,6714,2019-12-07,GSW,5,19,100,23,27,27,23,53.5,68.2,37.5,24,39,19,0
319,6715,2019-12-07,MIN,10,11,127,27,31,39,25,52.1,70.0,34.2,25,36,13,0
320,6717,2019-12-07,SAC,8,13,104,17,25,30,28,39.2,83.3,26.5,19,52,14,0
321,6718,2019-12-07,LAL,20,3,136,39,38,33,26,54.1,81.8,47.2,26,45,16,0
322,6719,2019-12-07,NOP,6,17,84,28,24,14,18,36.0,81.0,9.4,17,34,14,0
323,6720,2019-12-08,IND,15,8,104,32,34,23,15,48.2,76.9,42.9,26,42,16,0
324,6721,2019-12-08,CLE,5,17,94,18,18,26,32,37.5,76.5,25.7,20,35,17,0
325,6722,2019-12-08,PHX,10,12,109,31,21,26,31,41.7,64.3,31.4,29,51,15,0
326,6723,2019-12-08,MEM,6,16,112,36,18,30,28,53.1,64.0,28.6,23,28,14,0
327,6724,2019-12-08,DEN,14,7,102,21,33,23,25,40.4,85.7,42.9,25,37,12,0
328,6725,2019-12-08,ATL,6,17,122,24,27,37,34,48.4,94.1,40.0,28,48,13,0
329,6726,2019-12-08,CHI,8,16,105,25,24,24,24,43.8,81.5,36.1,20,39,14,0
330,6727,2019-12-08,TOR,15,7,104,22,20,26,36,43.2,85.0,33.3,21,42,17,0
331,6728,2019-12-08,LAC,17,7,135,35,30,35,35,52.1,74.1,37.5,27,45,10,0
332,6729,2019-12-09,SAC,9,13,110,36,30,26,18,51.8,81.8,38.2,24,35,8,0
333,6730,2019-12-09,OKC,10,12,108,21,34,27,26,41.2,79.4,34.4,12,54,10,0
334,6731,2019-12-09,MIN,10,12,125,31,34,38,22,51.8,84.6,40.5,27,33,15,0
335,6732,2019-12-10,LAC,18,7,110,24,36,31,19,41.2,74.1,31.2,19,57,11,0
336,6733,2019-12-10,CLE,5,18,88,18,22,26,22,39.6,47.4,22.6,18,45,18,0
337,6734,2019-12-10,TOR,16,7,93,30,19,22,22,37.8,69.2,24.1,19,54,15,0
338,6735,2019-12-10,SAC,10,13,119,32,27,35,25,45.5,86.4,44.4,24,37,9,0
339,6736,2019-12-10,ORL,11,12,101,20,20,33,28,38.0,80.8,32.3,24,44,12,0
340,6737,2019-12-10,DET,10,14,105,25,22,34,24,42.4,81.5,31.4,15,46,18,0
341,6738,2019-12-10,MIN,10,13,109,31,33,21,24,47.1,79.3,27.3,14,45,16,0
342,6739,2019-12-10,OKC,11,12,104,25,26,34,19,47.1,84.2,28.6,21,46,10,0
343,6740,2019-12-10,MEM,7,16,110,29,25,34,22,50.0,76.5,37.5,29,42,18,0
344,6741,2019-12-11,WAS,7,16,107,20,28,27,32,42.2,80.0,31.4,27,45,10,0
345,6742,2019-12-11,DEN,14,8,92,27,23,26,16,43.5,91.7,25.9,29,38,13,0
346,6743,2019-12-11,ATL,6,18,121,30,34,32,21,47.4,61.1,37.0,30,37,11,0
347,6744,2019-12-11,NYK,4,20,87,22,19,18,28,35.2,61.5,18.4,16,47,11,0
348,6746,2019-12-12,BOS,17,6,117,32,25,37,23,49.4,77.3,38.9,25,44,15,0
349,6747,2019-12-12,LAL,22,3,96,26,25,18,27,42.5,52.6,38.7,20,49,13,0
350,6748,2019-12-12,LAC,19,7,112,27,37,24,24,44.2,88.9,30.0,29,50,18,0
351,6749,2019-12-12,CHA,11,16,113,26,27,31,29,40.9,81.2,42.9,20,47,8,0
352,6750,2019-12-12,ATL,6,19,102,33,19,35,15,42.2,73.1,34.2,26,41,23,0
353,6751,2019-12-12,UTA,14,11,127,25,34,38,30,56.6,77.3,45.7,23,45,15,0
354,6752,2019-12-12,MEM,8,16,115,27,24,33,31,48.3,80.8,41.7,23,55,18,0
355,6753,2019-12-12,NOP,6,19,112,20,26,40,26,44.3,81.8,35.6,29,42,21,0
356,6754,2019-12-12,OKC,11,13,93,18,29,24,22,43.0,66.7,39.4,24,43,15,0
357,6755,2019-12-12,NYK,5,20,124,30,38,19,25,47.8,76.5,41.4,25,58,18,0
358,6756,2019-12-13,PHI,19,7,115,28,28,25,34,50.0,82.6,50.0,27,45,11,0
359,6757,2019-12-13,CLE,6,19,117,28,25,25,25,45.8,70.0,33.3,22,50,18,0
360,6758,2019-12-13,DAL,17,7,122,34,31,30,27,51.1,69.6,36.4,25,52,11,0
361,6759,2019-12-13,POR,10,16,99,26,27,25,21,47.7,72.7,30.0,22,35,8,0
362,6760,2019-12-14,HOU,17,8,130,28,34,34,34,55.8,92.3,56.4,21,42,9,0
363,6761,2019-12-14,NOP,6,20,109,25,32,25,27,43.2,68.6,37.5,24,45,9,0
364,6762,2019-12-14,IND,17,9,110,29,34,23,24,50.0,73.3,31.8,28,46,14,0
365,6763,2019-12-14,LAL,23,3,113,30,21,37,25,49.4,65.2,32.4,26,50,19,0
366,6764,2019-12-14,CHA,12,16,83,24,20,15,24,38.0,81.0,19.4,21,60,20,0
367,6765,2019-12-14,MIL,23,3,127,35,29,26,37,50.6,84.8,36.7,22,55,17,0
368,6766,2019-12-14,LAC,20,7,124,33,32,37,22,49.4,89.7,44.0,16,45,19,0
369,6767,2019-12-14,NYK,6,20,103,20,25,27,31,46.3,60.0,30.0,24,48,8,0
370,6768,2019-12-14,GSW,5,22,106,29,27,28,22,45.1,68.2,31.0,19,48,12,0
371,6769,2019-12-14,SAS,10,15,121,28,16,34,31,41.5,73.5,26.7,23,62,11,0
372,6770,2019-12-15,BKN,13,12,102,31,29,23,19,38.6,70.6,26.1,24,59,20,0
373,6771,2019-12-15,LAC,20,8,106,29,28,22,27,43.8,72.2,45.5,20,40,15,0
374,6772,2019-12-15,WAS,7,17,111,30,24,30,27,42.4,78.1,36.8,22,34,18,0
375,6773,2019-12-15,MIA,19,7,122,37,36,18,21,42.9,82.4,40.0,27,49,8,0
376,6775,2019-12-15,DET,11,15,115,30,32,26,27,44.6,84.0,32.4,27,55,14,0
377,6776,2019-12-15,OKC,11,14,102,20,29,19,34,46.9,87.0,26.1,22,37,15,0
378,6777,2019-12-15,ORL,12,14,130,24,34,41,31,51.7,80.8,50.0,32,39,9,0
379,6778,2019-12-15,CHA,12,17,85,20,24,22,19,30.8,68.6,15.6,18,56,10,0
380,6779,2019-12-15,LAL,24,3,101,24,31,27,19,42.9,72.7,16.1,21,56,22,0
381,6780,2019-12-15,PHI,20,8,89,23,20,23,23,43.0,58.8,19.2,19,38,16,0
382,6781,2019-12-16,NYK,6,21,105,22,29,33,21,46.8,90.0,25.0,20,47,11,0
383,6782,2019-12-16,SAC,12,14,100,26,25,28,21,60.3,87.5,45.5,27,38,27,0
384,6783,2019-12-17,WAS,8,17,133,43,24,29,37,55.7,81.0,52.9,31,35,15,0
385,6784,2019-12-17,CLE,6,21,113,29,25,30,29,48.9,76.5,34.3,30,39,10,0
386,6785,2019-12-17,SAS,10,16,107,35,37,17,18,42.9,85.0,36.4,23,53,18,0
387,6786,2019-12-17,MIA,19,8,111,32,26,28,25,45.7,83.9,45.8,22,35,14,0
388,6787,2019-12-17,DAL,18,8,120,36,23,27,34,46.6,81.5,39.0,27,52,14,0
389,6788,2019-12-17,CHI,10,19,106,37,31,22,16,49.4,84.6,29.0,27,31,13,0
390,6789,2019-12-17,POR,11,16,111,25,34,31,21,47.6,85.0,41.2,21,41,20,0
391,6790,2019-12-18,SAC,12,15,102,21,26,32,23,41.8,92.3,35.9,23,33,10,0
392,6791,2019-12-18,LAL,24,4,102,28,24,24,26,47.3,47.1,25.8,28,42,13,0
393,6792,2019-12-18,ATL,6,22,120,27,26,31,36,45.5,75.0,34.9,20,36,10,0
394,6793,2019-12-18,BKN,15,12,108,21,21,19,32,41.7,73.9,28.2,25,54,11,0
395,6794,2019-12-18,ORL,12,15,102,20,27,24,31,45.2,73.3,20.0,21,41,3,0
396,6795,2019-12-18,PHX,11,16,99,23,21,25,30,40.2,70.0,28.6,30,50,19,0
397,6796,2019-12-19,CHA,13,18,98,21,20,23,34,40.7,61.1,35.1,25,35,9,0
398,6797,2019-12-19,TOR,19,8,112,30,40,26,16,42.9,87.5,37.1,27,47,12,0
399,6798,2019-12-19,CHI,11,19,110,23,29,21,25,40.2,87.5,29.7,25,53,15,0
400,6799,2019-12-19,MIA,20,8,108,19,37,26,26,47.1,80.0,38.7,26,47,12,0
401,6800,2019-12-19,NOP,7,22,107,32,31,24,20,44.2,81.0,42.4,23,55,17,0
402,6801,2019-12-19,MEM,10,18,122,32,36,32,22,50.5,80.0,38.5,27,47,13,0
403,6802,2019-12-19,BOS,18,7,109,29,21,26,33,40.7,90.0,31.6,13,54,15,0
404,6803,2019-12-19,ORL,12,16,104,32,28,16,28,42.5,90.5,37.9,25,35,12,0
405,6804,2019-12-19,GSW,5,24,112,29,37,26,20,39.8,60.9,42.1,24,50,8,0
406,6805,2019-12-20,UTA,17,11,111,28,24,31,28,47.0,71.1,25.0,18,53,18,0
407,6806,2019-12-20,LAL,24,5,104,17,29,35,23,46.2,78.3,34.3,24,38,18,0
408,6807,2019-12-20,BKN,15,13,105,33,23,25,24,42.2,93.3,19.4,16,47,18,0
409,6808,2019-12-20,HOU,19,9,122,27,27,36,32,50.0,75.9,37.8,23,43,18,0
410,6809,2019-12-21,MEM,10,19,107,27,24,36,20,43.1,71.4,34.1,31,46,7,0
411,6810,2019-12-21,SAC,12,16,105,32,25,22,26,45.1,86.7,31.2,25,42,10,0
412,6811,2019-12-21,DET,11,18,93,26,22,21,24,40.0,73.7,35.5,21,36,24,0
413,6812,2019-12-21,WAS,8,19,118,23,29,33,33,46.0,75.0,35.9,24,39,13,0
414,6813,2019-12-21,NYK,7,22,114,20,27,27,40,43.6,66.7,29.4,23,41,8,0
415,6814,2019-12-21,DAL,19,9,117,35,28,25,29,51.8,77.3,42.4,23,49,16,0
416,6815,2019-12-21,PHX,11,17,108,23,27,41,17,43.7,91.3,34.4,26,37,15,0
417,6816,2019-12-21,MIN,10,17,100,20,31,24,25,41.4,66.7,23.8,20,46,14,0
418,6817,2019-12-21,ORL,12,17,103,13,31,31,28,36.8,69.2,25.0,21,48,10,0
419,6818,2019-12-21,NOP,7,23,102,16,28,37,21,41.9,65.2,26.5,23,48,17,0
420,6819,2019-12-21,UTA,18,11,114,31,25,28,30,52.0,95.0,50.0,27,42,21,0
421,6820,2019-12-21,ATL,6,24,112,34,39,25,14,37.1,85.2,22.9,17,52,10,0
422,6821,2019-12-22,CHI,12,19,119,25,28,40,26,51.9,84.0,51.4,21,46,18,0
423,6822,2019-12-22,WAS,8,20,108,25,28,27,28,40.9,85.3,22.6,18,38,11,0
424,6823,2019-12-22,MIL,26,4,123,37,31,27,28,48.2,65.7,41.9,26,52,19,0
425,6824,2019-12-22,SAC,12,17,115,21,29,28,37,43.0,75.0,30.6,22,51,12,0
426,6825,2019-12-22,LAC,22,9,134,33,39,38,24,54.5,73.7,33.3,32,43,11,0
427,6826,2019-12-22,HOU,20,9,139,36,34,36,33,58.6,78.3,46.3,23,37,10,0
428,6827,2019-12-22,MIN,10,18,106,23,29,28,26,43.7,93.8,40.5,16,39,16,0
429,6828,2019-12-22,DAL,19,10,107,17,34,35,21,38.9,81.5,32.6,27,53,17,0
430,6829,2019-12-22,CHA,13,20,93,37,19,21,16,40.2,73.9,29.4,26,27,3,0
431,6830,2019-12-23,IND,20,10,89,22,33,18,16,37.0,60.0,30.0,27,48,13,0
432,6831,2019-12-23,LAC,22,10,112,33,30,26,23,46.5,87.5,40.7,22,42,15,0
433,6832,2019-12-23,DEN,20,8,128,23,32,36,37,48.9,90.0,34.4,31,44,8,0
434,6833,2019-12-24,ATL,6,25,118,32,32,30,24,52.1,83.3,37.9,19,43,23,0
435,6834,2019-12-24,PHI,22,10,125,30,30,34,31,54.7,81.8,40.0,33,48,12,0
436,6835,2019-12-24,TOR,21,9,115,19,25,35,28,45.7,75.0,27.5,30,49,14,0
437,6836,2019-12-24,WAS,9,20,121,32,31,31,27,47.0,56.7,33.3,27,48,8,0
438,6837,2019-12-24,CHI,12,20,95,28,26,27,14,39.8,80.0,35.1,20,48,15,0
439,6838,2019-12-24,UTA,18,12,104,28,24,29,23,43.3,77.8,33.3,17,46,11,0
440,6839,2019-12-24,SAS,12,17,145,46,26,36,37,67.4,71.4,62.5,36,46,12,0
441,6840,2019-12-24,DEN,21,8,113,34,22,26,31,55.1,80.0,53.6,31,39,21,0
442,6841,2019-12-24,NOP,8,23,102,31,23,28,20,40.9,68.8,42.9,23,55,12,0
443,6842,2019-12-24,HOU,21,9,113,37,28,32,16,44.8,87.0,38.5,18,39,11,0
444,6843,2019-12-24,MIN,10,19,104,22,21,24,37,39.8,79.3,32.4,16,41,16,0
445,6844,2019-12-25,BOS,21,7,118,28,27,33,30,50.0,85.7,42.4,26,45,19,0
446,6845,2019-12-25,MIL,27,5,109,30,18,25,36,47.4,75.0,39.4,23,47,10,0
447,6846,2019-12-25,HOU,21,10,104,29,39,19,17,37.0,87.5,31.4,19,49,12,0
448,6847,2019-12-26,LAC,23,10,111,31,20,35,25,45.9,75.0,36.0,24,50,16,0
449,6848,2019-12-26,NOP,9,23,112,29,29,26,28,45.6,100,41.9,23,52,18,0
450,6849,2019-12-27,WAS,9,21,102,23,25,28,26,41.3,70.4,29.2,18,44,12,0
451,6850,2019-12-27,NYK,8,24,94,24,22,33,15,40.2,73.3,31.0,16,60,13,0
452,6851,2019-12-27,MEM,12,20,110,23,26,37,24,54.8,72.7,40.0,26,50,15,0
453,6852,2019-12-27,SAS,12,18,98,24,23,27,24,48.2,66.7,27.6,18,45,13,0
454,6853,2019-12-27,MIN,11,19,105,21,29,21,19,34.6,79.3,21.7,23,65,13,0
455,6854,2019-12-27,POR,14,18,115,22,30,24,39,48.3,73.7,44.1,14,43,12,0
456,6855,2019-12-27,CLE,9,22,117,22,25,34,36,51.8,69.0,39.1,22,38,11,0
457,6856,2019-12-28,OKC,16,15,104,26,27,19,22,44.9,61.3,16.1,19,49,14,0
458,6857,2019-12-28,PHI,23,11,97,21,26,21,29,40.2,81.0,34.5,23,45,15,0
459,6858,2019-12-28,MIL,28,5,112,32,31,21,28,50.5,69.2,39.3,29,56,18,0
460,6859,2019-12-28,IND,21,11,112,27,28,27,30,48.9,83.3,45.2,27,34,4,0
461,6860,2019-12-28,PHX,11,20,96,29,22,27,18,46.7,79.2,21.2,22,49,26,0
462,6861,2019-12-28,MEM,12,21,110,11,28,29,42,48.8,76.0,30.0,32,45,17,0
463,6862,2019-12-29,TOR,22,10,113,36,23,30,24,52.4,64.7,41.2,27,53,22,0
464,6863,2019-12-29,IND,21,12,98,32,13,23,30,38.8,89.7,21.4,17,46,18,0
465,6864,2019-12-29,PHI,23,12,116,33,26,20,29,47.2,75.9,33.3,24,47,9,0
466,6865,2019-12-29,NYK,9,24,107,33,26,27,21,44.7,76.9,35.5,25,56,21,0
467,6866,2019-12-29,ATL,6,27,81,19,24,22,16,37.2,72.7,26.5,24,39,19,0
468,6867,2019-12-29,BKN,16,15,98,20,34,25,19,40.2,61.9,28.2,24,47,15,0
469,6868,2019-12-29,CLE,10,22,94,27,22,18,27,41.6,72.2,20.0,13,60,28,0
470,6869,2019-12-29,ORL,14,18,100,25,21,28,26,40.2,84.2,40.0,21,34,11,0
471,6870,2019-12-29,DET,12,21,109,28,27,25,29,44.4,56.7,33.3,20,40,11,0
472,6871,2019-12-29,DAL,21,10,141,41,31,45,24,52.2,100,47.1,35,46,13,0
473,6872,2019-12-29,PHX,12,20,112,31,28,22,31,52.3,86.7,34.6,30,40,13,0
474,6873,2019-12-29,LAL,25,7,128,34,37,32,25,51.6,82.1,34.4,32,44,9,0
475,6874,2019-12-29,UTA,20,12,120,22,39,32,27,52.3,76.5,48.6,25,47,12,0
476,6875,2019-12-29,OKC,17,15,98,22,25,29,22,43.6,87.0,30.3,15,43,17,0
477,6876,2019-12-30,CHA,13,22,104,20,26,29,29,43.0,65.6,29.0,23,42,14,0
478,6877,2019-12-30,HOU,22,11,112,37,27,29,19,51.9,65.0,38.5,29,41,17,0
479,6879,2019-12-30,DAL,21,11,95,19,24,26,26,36.0,90.0,30.2,17,45,18,0
480,6880,2019-12-31,ATL,7,27,101,25,22,27,27,48.1,82.4,31.0,21,52,20,0
481,6881,2019-12-31,MIA,24,9,105,39,24,18,24,45.2,74.4,35.7,18,44,18,0
482,6882,2019-12-31,MIL,30,5,123,31,24,40,28,54.8,83.3,34.4,29,59,16,0
483,6883,2019-12-31,BKN,16,16,115,29,21,30,23,40.4,74.1,36.6,22,58,16,0
484,6884,2019-12-31,DET,12,22,81,21,19,18,23,38.0,73.9,28.6,14,43,17,0
485,6885,2019-12-31,PHX,13,20,122,19,36,28,39,47.8,95.5,56.5,29,44,9,0
486,6886,2019-12-31,BOS,23,8,109,24,26,30,29,45.4,70.0,36.8,25,54,10,0
487,6887,2019-12-31,PHI,23,13,97,27,16,23,31,40.7,85.0,20.7,24,47,12,0
488,6888,2019-12-31,LAC,24,11,105,28,29,31,17,40.9,95.5,33.3,21,51,11,0
489,6889,2020-01-01,CLE,10,23,97,25,18,26,28,42.5,81.2,26.3,21,41,14,0
490,6890,2020-01-01,DEN,23,10,104,26,26,37,15,46.4,66.7,32.0,25,39,16,0
491,6891,2020-01-01,GSW,9,26,113,32,23,20,25,45.8,72.2,44.4,31,44,8,0
492,6892,2020-01-01,DAL,21,12,101,32,19,27,23,35.5,74.1,29.4,19,49,10,0
493,6893,2020-01-01,ORL,15,19,122,31,31,32,28,47.4,74.1,37.5,25,52,9,0
494,6894,2020-01-02,POR,14,21,93,27,21,29,16,39.4,60.0,31.2,17,47,8,0
495,6895,2020-01-02,MIN,12,21,104,23,28,20,33,37.4,75.0,32.6,18,48,11,0
496,6897,2020-01-03,CHA,14,23,109,31,21,30,27,44.6,83.3,39.5,25,39,11,0
497,6898,2020-01-03,DEN,24,10,124,27,35,30,32,52.9,88.9,29.6,27,47,10,0
498,6899,2020-01-03,TOR,23,12,76,20,19,21,16,31.5,82.4,14.3,20,48,10,0
499,6900,2020-01-03,UTA,22,12,102,25,22,29,26,48.7,77.3,36.7,24,42,17,0
500,6901,2020-01-03,GSW,9,27,84,19,22,26,17,42.9,71.4,15.0,20,43,16,0
501,6902,2020-01-03,BKN,16,17,111,30,35,28,18,46.2,88.2,32.4,29,44,11,0
502,6903,2020-01-03,OKC,19,15,109,27,19,28,35,48.3,70.0,36.0,19,43,4,0
503,6904,2020-01-03,MEM,13,22,123,42,18,37,26,48.4,95.2,38.2,31,42,17,0
504,6905,2020-01-03,DET,12,23,112,33,30,16,33,42.6,71.4,21.2,20,45,11,0
505,6906,2020-01-04,ATL,7,28,106,32,23,25,26,41.9,80.0,35.6,26,42,14,0
506,6907,2020-01-04,MIA,25,10,85,22,22,35,6,37.5,78.3,18.9,16,49,18,0
507,6908,2020-01-04,POR,15,21,122,27,39,25,31,51.1,78.8,24.0,16,41,7,0
508,6909,2020-01-04,PHI,23,14,108,27,26,31,24,45.7,72.0,22.2,32,44,11,0
509,6910,2020-01-04,NYK,10,25,112,37,24,26,25,44.6,66.7,27.0,19,52,15,0
510,6911,2020-01-04,NOP,11,24,113,30,32,21,30,47.1,85.7,29.7,24,40,11,0
511,6912,2020-01-04,MEM,14,22,140,40,25,39,36,51.0,85.7,46.2,36,54,9,0
512,6913,2020-01-04,TOR,24,12,121,24,24,35,38,45.4,71.4,40.6,21,43,7,0
513,6914,2020-01-05,UTA,23,12,109,33,19,24,33,45.2,64.3,40.0,22,51,8,0
514,6915,2020-01-05,IND,22,14,111,26,34,35,16,41.4,82.9,37.0,24,39,11,0
515,6916,2020-01-05,OKC,20,15,121,34,32,25,30,44.8,80.8,37.8,24,52,11,0
516,6917,2020-01-05,DEN,24,11,114,19,36,35,24,46.0,82.4,20.7,18,33,12,0
517,6918,2020-01-05,BOS,25,8,111,30,25,30,26,52.4,81.0,42.1,22,44,19,0
518,6919,2020-01-05,CHA,15,23,123,32,25,23,23,49.4,90.3,44.0,27,53,17,0
519,6920,2020-01-05,SAS,14,20,118,31,35,25,27,41.3,91.2,34.4,20,50,8,0
520,6921,2020-01-05,DET,13,23,111,25,31,27,28,51.8,87.5,40.7,24,46,21,0
521,6923,2020-01-05,NYK,10,26,132,45,24,31,32,57.1,64.9,52.2,22,37,16,0
522,6924,2020-01-05,POR,15,22,111,19,27,35,30,46.0,90.0,35.1,21,40,10,0
523,6925,2020-01-06,MIN,14,21,118,24,42,28,24,49.5,76.9,36.8,32,43,16,0
524,6926,2020-01-06,MEM,15,22,121,27,35,34,25,54.2,76.5,42.9,31,42,16,0
525,6927,2020-01-06,DET,13,24,99,22,25,32,20,37.2,85.7,42.3,21,43,16,0
526,6928,2020-01-07,IND,23,14,115,27,15,37,36,52.8,78.6,38.5,31,43,10,0
527,6929,2020-01-07,BKN,16,19,89,22,17,32,18,33.3,78.9,21.3,20,46,12,0
528,6930,2020-01-07,OKC,20,16,113,31,21,34,27,44.9,67.7,41.4,17,47,12,0
529,6931,2020-01-07,BOS,25,9,94,17,23,32,22,34.7,76.9,21.6,17,55,16,0
530,6932,2020-01-07,DEN,25,11,123,29,35,27,32,51.1,74.1,33.3,27,41,4,0
531,6933,2020-01-07,UTA,24,12,128,35,33,27,33,51.1,83.3,48.5,19,43,8,0
532,6934,2020-01-07,CHI,13,24,110,27,28,27,28,46.9,81.8,29.0,25,45,8,0
533,6935,2020-01-07,MIL,32,6,104,22,30,29,23,40.0,92.9,33.3,24,38,8,0
534,6936,2020-01-07,GSW,9,29,98,19,21,24,34,39.5,78.1,19.2,19,44,17,0
535,6937,2020-01-08,DET,14,24,115,27,27,30,31,46.2,85.7,39.4,26,40,9,0
536,6938,2020-01-08,POR,16,22,101,15,31,23,32,43.2,85.7,37.1,23,45,10,0
537,6939,2020-01-08,OKC,21,16,111,27,22,25,27,41.3,82.8,29.7,19,51,15,0
538,6940,2020-01-08,MIN,14,22,112,32,24,28,28,44.4,81.0,31.9,23,40,18,0
539,6941,2020-01-08,SAC,15,23,114,26,27,25,36,44.0,89.3,41.7,18,41,15,0
540,6942,2020-01-08,NYK,10,27,87,21,24,25,17,38.9,56.2,20.0,15,47,16,0
541,6943,2020-01-09,SAS,16,20,129,34,31,34,30,55.2,92.3,31.0,28,49,14,0
542,6944,2020-01-09,TOR,25,13,112,29,31,22,18,44.7,70.0,38.9,34,46,10,0
543,6945,2020-01-09,MIA,27,10,122,31,31,38,22,53.1,80.0,42.1,28,41,11,0
544,6946,2020-01-09,WAS,12,25,89,23,29,20,17,42.9,57.9,26.1,24,40,23,0
545,6947,2020-01-09,HOU,25,11,122,45,32,22,23,42.4,75.6,28.9,22,59,13,0
546,6948,2020-01-09,DEN,26,11,107,27,29,30,21,48.2,80.0,37.5,27,38,12,0
547,6949,2020-01-09,CHI,13,25,108,21,27,27,33,44.6,57.1,40.0,22,39,12,0
548,6950,2020-01-09,NYK,10,28,104,29,24,16,35,43.3,100,36.0,18,41,9,0
549,6952,2020-01-10,CLE,11,27,115,26,24,31,21,52.7,70.0,25.0,24,39,14,0
550,6953,2020-01-10,BOS,25,11,98,35,20,25,18,43.2,100,38.9,17,38,14,0
551,6954,2020-01-10,POR,16,23,102,34,13,27,28,36.5,67.7,29.7,14,41,10,0
552,6955,2020-01-10,HOU,25,12,92,21,27,19,25,38.2,92.9,27.5,16,39,14,0
553,6956,2020-01-11,ATL,8,31,101,21,30,28,22,46.1,50.0,24.1,19,56,18,0
554,6957,2020-01-11,MIA,27,11,113,42,27,20,24,51.8,85.7,24.1,26,40,7,0
555,6958,2020-01-11,NOP,14,25,123,33,34,28,28,55.8,52.9,47.4,35,43,19,0
556,6959,2020-01-11,IND,24,15,116,29,25,25,37,57.1,64.3,36.7,31,46,11,0
557,6960,2020-01-11,SAS,16,21,121,32,25,41,23,48.3,87.0,42.5,29,37,11,0
558,6961,2020-01-11,LAL,31,7,129,45,34,20,30,52.8,78.1,41.7,18,49,7,0
559,6962,2020-01-11,ORL,18,21,94,25,23,27,19,37.1,79.2,27.3,15,49,14,0
560,6963,2020-01-11,CHA,15,26,92,13,25,24,30,50.6,78.6,42.9,28,40,15,0
561,6964,2020-01-11,MIL,34,6,127,34,19,37,37,49.5,76.7,25.6,29,52,11,0
562,6965,2020-01-11,GSW,9,31,100,20,33,30,17,38.5,72.0,20.5,28,46,10,0
563,6966,2020-01-11,MIN,15,23,109,20,21,35,33,37.9,66.7,27.1,28,44,18,0
564,6967,2020-01-12,NOP,14,26,105,24,33,25,23,40.0,61.1,31.1,29,43,16,0
565,6968,2020-01-12,CHI,14,26,108,35,26,20,27,50.6,92.9,31.4,24,38,14,0
566,6969,2020-01-12,LAL,32,7,125,41,32,29,23,51.5,80.0,46.9,21,54,12,0
567,6970,2020-01-12,PHI,25,15,91,22,28,16,25,37.8,66.7,24.3,22,43,4,0
568,6971,2020-01-12,CLE,12,27,111,23,28,34,26,49.4,84.6,32.4,22,55,14,0
569,6972,2020-01-12,MIL,35,6,122,32,32,33,25,45.6,70.0,36.8,21,60,10,0
570,6973,2020-01-12,MIA,27,12,121,31,29,34,27,53.8,82.1,40.0,24,39,14,0
571,6974,2020-01-12,UTA,27,12,127,23,32,38,34,53.3,84.0,33.3,24,44,11,0
572,6975,2020-01-12,ATL,8,32,86,16,30,20,20,33.0,90.9,25.0,23,33,12,0
573,6976,2020-01-12,SAS,17,21,105,21,22,26,36,43.7,73.3,21.9,24,51,11,0
574,6977,2020-01-12,GSW,9,32,102,26,33,17,26,38.0,71.4,50.0,23,47,22,0
575,6978,2020-01-13,LAC,27,13,104,30,22,22,30,45.2,76.9,24.2,21,42,14,0
576,6979,2020-01-13,CHA,15,27,92,24,21,26,21,41.9,66.7,22.9,25,37,14,0
577,6980,2020-01-14,NOP,15,26,117,32,31,26,13,41.7,81.5,34.6,23,61,19,0
578,6981,2020-01-14,PHI,25,16,95,23,26,20,26,41.6,78.9,18.2,17,52,11,0
579,6982,2020-01-14,CHI,14,27,101,14,23,34,30,45.7,80.8,24.0,16,38,14,0
580,6983,2020-01-14,OKC,23,17,117,30,33,29,25,50.0,88.5,40.0,25,51,15,0
581,6984,2020-01-14,CHA,15,28,112,26,20,43,23,44.4,77.8,47.4,24,42,8,0
582,6985,2020-01-14,ORL,19,21,114,33,32,21,28,43.5,83.3,31.0,17,46,8,0
583,6986,2020-01-14,CLE,12,28,99,27,21,22,29,44.7,66.7,28.0,21,40,19,0
584,6987,2020-01-15,PHX,16,24,110,25,26,32,27,46.0,81.2,20.0,20,40,11,0
585,6988,2020-01-15,UTA,28,12,118,30,29,29,30,50.0,86.7,36.1,19,41,8,0
586,6989,2020-01-15,HOU,26,13,110,37,24,22,27,43.0,91.7,31.1,18,41,15,0
587,6991,2020-01-15,DAL,25,15,124,36,29,29,30,51.0,61.9,35.1,23,53,7,0
588,6992,2020-01-15,CLE,12,29,103,26,24,21,32,41.8,86.7,37.8,25,40,13,0
589,6993,2020-01-16,DET,15,27,116,27,30,34,25,60.3,52.6,37.5,30,34,11,0
590,6994,2020-01-16,BKN,18,22,106,28,29,33,16,43.7,60.0,48.0,20,44,13,0
591,6995,2020-01-16,SAS,17,22,100,17,34,26,23,43.8,80.0,30.3,22,41,8,0
592,6996,2020-01-16,WAS,13,27,106,26,34,20,26,46.8,80.8,40.7,25,38,16,0
593,6997,2020-01-16,IND,26,15,104,24,30,22,28,51.8,75.0,30.4,27,45,15,0
594,6998,2020-01-16,TOR,26,14,130,38,35,24,33,61.2,73.3,55.6,33,36,18,0
595,6999,2020-01-16,CHA,15,29,86,25,17,27,17,40.7,57.1,34.3,28,42,14,0
596,7000,2020-01-16,POR,18,24,117,28,32,30,27,43.2,82.8,30.6,22,58,7,0
597,7001,2020-01-16,DAL,26,15,127,35,36,37,19,51.1,83.3,32.5,24,47,11,0
598,7002,2020-01-16,ORL,20,21,119,35,30,24,30,45.7,79.3,38.5,22,48,13,0
599,7003,2020-01-17,PHX,17,24,121,25,33,32,31,51.1,83.3,40.0,31,53,19,0
600,7004,2020-01-17,BOS,27,13,123,20,38,29,36,43.9,81.5,30.6,16,43,7,0
601,7005,2020-01-17,UTA,28,13,132,28,21,42,31,46.0,78.1,38.5,23,43,13,0
602,7006,2020-01-17,DEN,29,12,134,19,26,28,40,47.0,88.5,48.6,31,55,19,0
603,7007,2020-01-17,ORL,20,22,95,26,22,28,19,39.1,56.2,33.3,24,42,9,0
604,7008,2020-01-18,MIN,15,26,114,26,35,32,21,45.5,81.0,43.6,22,36,13,0
605,7009,2020-01-18,CHI,15,28,89,24,23,24,18,43.2,73.3,22.9,21,37,16,0
606,7010,2020-01-18,WAS,13,28,111,26,25,25,35,44.9,69.6,42.9,19,43,26,0
607,7011,2020-01-18,CLE,12,30,109,25,31,20,33,44.6,69.2,25.0,18,50,15,0
608,7012,2020-01-18,MIA,29,12,115,40,21,31,23,48.8,79.2,38.9,26,45,11,0
609,7013,2020-01-18,ATL,10,32,121,29,38,21,33,50.0,74.1,47.5,21,43,19,0
610,7014,2020-01-18,POR,18,25,112,37,26,26,23,51.8,68.2,30.0,25,40,12,0
611,7015,2020-01-18,LAC,30,13,133,33,39,30,31,49.5,79.5,32.3,22,36,12,0
612,7017,2020-01-19,PHX,18,24,123,26,34,27,36,47.2,86.7,41.9,27,52,15,0
613,7018,2020-01-19,DET,16,27,136,36,35,32,33,59.3,76.0,46.9,31,41,17,0
614,7019,2020-01-19,PHI,28,16,90,28,24,18,20,43.6,63.2,31.2,26,41,13,0
615,7020,2020-01-19,CLE,12,31,116,33,40,29,14,54.1,91.3,51.7,27,36,26,0
616,7021,2020-01-19,TOR,28,14,122,32,26,31,33,51.6,88.2,37.1,25,42,14,0
617,7022,2020-01-19,LAL,34,8,124,27,32,32,33,48.4,71.9,33.3,25,49,17,0
618,7023,2020-01-19,ORL,20,23,95,25,27,19,24,45.3,61.5,29.0,21,46,15,0
619,7024,2020-01-19,POR,18,26,106,24,33,20,29,42.9,76.2,37.5,11,40,12,0
620,7025,2020-01-19,SAC,15,27,101,22,27,28,24,48.8,58.3,38.5,20,37,10,0
621,7073,2020-01-26,LAL,36,10,91,25,25,23,18,46.1,65.2,19.4,23,35,21,0
622,7074,2020-01-26,HOU,28,17,110,36,23,30,21,45.5,70.4,33.3,19,44,16,0
623,7075,2020-01-26,TOR,32,14,110,37,26,23,24,41.4,80.0,32.0,31,50,8,0
624,7076,2020-01-26,WAS,15,30,133,33,39,30,31,47.7,90.5,33.3,20,34,11,0
625,7077,2020-01-26,BKN,19,26,97,28,24,24,21,42.0,69.6,33.3,21,34,14,0
626,7078,2020-01-26,LAC,33,14,112,26,28,31,27,46.8,86.2,43.3,20,53,17,0
627,7079,2020-01-26,PHX,19,27,109,18,27,33,31,38.0,80.0,37.9,23,42,17,0
628,7080,2020-01-26,BOS,30,15,108,20,22,39,27,46.1,81.8,24.2,21,37,16,0
629,7081,2020-01-27,IND,30,17,129,27,29,37,36,51.6,95.2,46.4,31,31,6,0
630,7082,2020-01-28,CLE,13,34,115,24,29,36,26,50.0,76.9,37.5,25,45,13,0
631,7083,2020-01-28,ORL,21,27,92,21,27,23,21,37.1,78.9,29.7,23,41,5,0
632,7084,2020-01-28,SAS,20,26,109,28,20,37,24,46.3,67.6,40.0,21,47,11,0
633,7086,2020-01-28,DAL,29,17,107,25,34,29,19,41.4,66.7,37.3,21,56,7,0
634,7087,2020-01-28,HOU,29,17,126,28,31,28,39,46.9,71.4,37.5,14,40,15,0
635,7088,2020-01-29,NYK,13,35,92,26,24,16,26,44.2,63.6,28.1,17,42,13,0
636,7089,2020-01-29,NOP,19,29,125,40,34,30,21,53.4,75.0,38.2,29,41,16,0
637,7090,2020-01-29,BOS,31,15,109,36,17,27,29,47.0,75.0,36.1,24,48,14,0
638,7091,2020-01-29,GSW,10,38,104,27,27,28,22,42.5,71.4,37.5,29,40,13,0
639,7092,2020-01-29,ATL,12,36,114,23,33,27,31,44.6,80.0,25.5,28,44,18,0
640,7093,2020-01-29,DEN,32,15,96,18,32,16,30,37.2,83.3,37.8,23,44,19,0
641,7094,2020-01-29,WAS,15,31,131,28,35,41,27,55.6,91.4,51.4,31,46,14,0
642,7095,2020-01-29,PHX,20,27,133,32,28,48,25,59.3,90.5,42.9,34,39,11,0
643,7097,2020-01-30,CHI,19,31,106,24,27,29,20,52.9,66.7,18.2,26,34,18,0
644,7098,2020-01-30,DET,17,32,115,30,38,25,22,50.6,75.0,38.5,25,41,16,0
645,7099,2020-01-30,MEM,24,24,127,32,27,37,31,50.0,84.8,46.4,25,44,11,0
646,7100,2020-01-30,UTA,32,15,120,29,33,32,26,44.0,69.6,36.8,18,43,13,0
647,7101,2020-01-30,HOU,29,18,112,36,24,22,30,42.6,83.3,36.2,21,39,15,0
648,7102,2020-01-30,OKC,29,20,120,23,36,37,24,50.0,85.0,44.1,32,45,13,0
649,7103,2020-01-31,TOR,34,14,115,31,25,32,27,48.8,75.0,37.5,23,37,13,0
650,7104,2020-01-31,CHA,16,32,107,33,27,19,28,43.4,63.2,30.0,32,38,7,0
651,7105,2020-01-31,PHI,31,18,117,31,36,25,25,46.3,71.1,29.0,22,42,12,0
652,7106,2020-01-31,GSW,10,39,104,22,28,29,25,42.9,86.7,30.8,24,30,16,0
653,7107,2020-01-31,UTA,32,16,100,23,25,22,30,46.2,64.7,45.9,24,35,16,0
654,7108,2020-01-31,SAC,18,30,124,28,36,21,39,50.0,83.3,51.2,27,47,10,0
655,7109,2020-02-01,TOR,35,14,105,30,30,18,27,51.8,72.7,33.3,26,42,14,0
656,7110,2020-02-01,CHI,19,32,118,23,34,39,22,48.8,84.6,35.3,27,38,13,0
657,7111,2020-02-01,DAL,29,19,121,28,32,25,36,47.8,77.8,38.9,29,52,17,0
658,7112,2020-02-01,MEM,24,25,111,22,37,27,25,46.9,57.7,19.4,17,34,11,0
659,7113,2020-02-01,DEN,34,15,127,35,25,40,27,48.0,100,47.8,29,50,12,0
660,7114,2020-02-01,OKC,30,20,111,25,28,26,32,43.3,90.9,22.6,26,41,12,0
661,7115,2020-02-01,POR,22,27,127,38,22,43,24,50.5,76.2,36.1,25,41,5,0
662,7116,2020-02-01,MIN,15,33,106,32,23,31,20,40.5,83.8,17.9,24,44,17,0
663,7117,2020-02-02,NYK,14,36,92,24,26,22,20,41.5,73.9,26.9,19,57,12,0
664,7118,2020-02-02,MIA,33,15,102,28,29,19,26,42.9,80.8,45.5,24,48,13,0
665,7120,2020-02-02,BKN,21,27,107,36,25,23,23,41.5,61.9,34.0,25,53,15,0
666,7121,2020-02-02,PHI,31,19,95,19,32,16,28,36.9,83.9,21.2,15,47,14,0
667,7122,2020-02-02,ATL,13,37,100,26,23,23,28,40.7,76.2,30.3,19,50,11,0
668,7123,2020-02-02,CHA,16,33,90,28,35,11,16,42.2,83.3,27.8,29,37,17,0
669,7124,2020-02-02,UTA,32,17,107,34,19,30,24,42.6,100,43.9,19,37,9,0
670,7125,2020-02-02,LAL,37,11,129,44,37,23,25,51.2,81.5,44.2,33,46,14,0
671,7126,2020-02-02,DEN,34,16,123,44,21,24,22,50.0,77.3,31.2,30,47,9,0
672,7127,2020-02-02,NOP,20,30,109,28,32,33,16,44.7,75.0,30.3,21,63,21,0
673,7128,2020-02-02,PHX,20,29,108,26,26,28,28,39.0,87.0,26.1,20,50,10,0
674,7129,2020-02-02,CHI,19,33,102,29,34,22,17,38.9,65.4,31.2,25,41,16,0
675,7130,2020-02-04,ORL,22,28,112,25,31,29,27,53.8,58.8,47.1,35,37,9,0
676,7131,2020-02-04,NYK,15,36,139,33,30,32,32,55.9,71.4,38.5,33,46,12,0
677,7132,2020-02-04,DAL,31,19,112,25,28,29,30,41.9,95.7,40.0,20,51,12,0
678,7133,2020-02-04,GSW,12,39,125,40,32,27,26,49.4,77.4,50.0,31,44,14,0
679,7134,2020-02-04,BOS,34,15,123,28,32,35,28,53.3,88.2,41.4,21,44,15,0
680,7135,2020-02-04,PHX,20,30,97,31,21,21,24,43.3,72.2,35.3,23,43,16,0
681,7136,2020-02-04,PHI,31,20,106,26,26,25,29,43.4,84.0,34.2,24,44,14,0
682,7137,2020-02-04,DET,18,34,82,32,21,10,19,34.7,66.7,30.8,21,51,14,0
683,7138,2020-02-04,MIN,15,34,109,20,30,34,25,43.5,78.6,34.2,25,45,16,0
684,7139,2020-02-04,SAS,22,27,105,39,24,19,23,42.1,81.2,32.4,21,46,6,0
685,7140,2020-02-05,MIL,43,7,120,26,32,42,20,47.1,76.5,30.6,34,53,17,0
686,7141,2020-02-05,CHA,16,35,110,34,29,25,22,47.0,79.2,39.4,22,53,17,0
687,7142,2020-02-05,POR,23,28,99,28,10,36,25,39.6,81.8,29.0,16,36,9,0
688,7143,2020-02-05,SAS,22,28,102,19,22,33,28,44.0,60.0,48.1,21,28,6,0
689,7144,2020-02-06,PHX,20,31,108,31,30,25,22,54.5,80.0,46.2,29,37,15,0
690,7145,2020-02-06,ORL,22,29,100,24,32,24,20,42.7,76.7,41.9,20,39,17,0
691,7146,2020-02-06,GSW,12,40,88,25,22,17,24,36.5,72.2,12.8,20,34,7,0
692,7147,2020-02-06,IND,31,20,118,20,43,23,32,52.4,81.2,48.7,29,42,18,0
693,7148,2020-02-06,ATL,14,38,127,36,28,32,31,52.4,93.3,40.6,23,44,19,0
694,7149,2020-02-06,CLE,13,39,103,28,25,28,22,46.1,54.5,39.5,31,45,19,0
695,7150,2020-02-06,MEM,26,25,121,31,28,41,21,52.8,75.0,48.0,27,52,10,0
696,7151,2020-02-06,DEN,36,16,98,25,24,23,26,43.3,72.2,23.3,23,52,11,0
697,7152,2020-02-06,MIA,34,16,111,23,35,22,31,43.0,71.4,38.1,29,46,8,0
698,7153,2020-02-07,ORL,22,30,103,19,28,36,20,45.3,86.7,29.0,22,39,20,0
699,7154,2020-02-07,NOP,21,31,125,32,40,31,22,56.3,57.9,42.1,38,45,21,0
700,7155,2020-02-07,PHI,31,21,101,26,25,23,27,37.4,57.1,42.2,24,50,11,0
701,7156,2020-02-07,SAS,22,29,117,35,25,32,25,44.6,89.3,35.7,25,39,4,0
702,7157,2020-02-07,HOU,33,18,121,28,35,34,24,50.6,88.9,45.2,20,37,16,0
703,7158,2020-02-08,MEM,26,26,107,25,19,22,41,40.9,83.9,23.8,25,40,14,0
704,7159,2020-02-08,DAL,31,21,118,33,31,29,25,46.2,85.7,40.0,27,49,13,0
705,7160,2020-02-08,ATL,14,39,107,26,29,18,34,40.7,92.3,33.3,21,46,14,0
706,7161,2020-02-08,TOR,38,14,115,36,28,23,28,47.7,82.4,44.7,28,39,16,0
707,7162,2020-02-08,DET,19,35,101,24,23,21,33,42.7,73.7,28.9,19,37,9,0
708,7163,2020-02-08,HOU,33,19,91,26,29,18,18,34.1,84.6,22.9,16,29,15,0
709,7164,2020-02-08,MIA,34,17,97,28,22,26,21,44.2,68.0,30.0,21,42,20,0
710,7165,2020-02-08,POR,24,29,114,38,34,17,25,45.4,64.3,42.5,14,43,9,0
711,7166,2020-02-08,MIL,45,7,111,29,33,21,28,45.2,75.0,38.5,26,62,16,0
712,7167,2020-02-09,DAL,32,21,116,31,33,30,22,50.6,100,48.6,29,46,10,0
713,7168,2020-02-09,NYK,17,36,95,17,31,19,28,44.7,64.7,36.4,24,47,15,0
714,7169,2020-02-09,NOP,22,31,124,31,29,28,36,46.3,84.0,39.5,27,53,15,0
715,7170,2020-02-09,BKN,23,28,118,36,18,34,30,44.6,83.3,36.4,27,46,9,0
716,7171,2020-02-09,LAC,36,16,115,31,28,29,27,47.7,82.8,34.6,24,43,15,0
717,7172,2020-02-09,LAL,39,12,125,33,33,30,29,52.4,73.5,48.3,29,47,24,0
718,7173,2020-02-09,DEN,37,16,117,28,27,28,34,54.9,76.2,39.3,23,40,14,0
719,7174,2020-02-09,SAS,22,30,102,23,26,29,24,50.6,72.2,29.2,23,41,14,0
720,7175,2020-02-09,BOS,37,15,112,28,24,32,28,45.2,74.1,44.4,19,53,9,0
721,7176,2020-02-09,NYK,17,37,135,31,32,20,33,47.3,72.0,38.2,30,56,17,0
722,7177,2020-02-09,CHI,19,35,111,25,30,28,28,48.9,76.5,37.5,23,42,18,0
723,7178,2020-02-09,MEM,27,26,106,18,29,33,26,42.2,60.0,15.6,19,62,13,0
724,7179,2020-02-10,UTA,34,18,114,25,29,27,33,48.8,83.3,39.5,25,48,15,0
725,7180,2020-02-10,LAC,37,16,133,36,37,34,26,57.0,75.0,33.3,28,52,11,0
726,7181,2020-02-10,MIA,34,18,109,36,24,23,26,39.8,78.6,40.8,31,49,13,0
727,7182,2020-02-11,CHA,17,36,87,21,26,19,21,37.5,85.7,25.0,19,45,10,0
728,7183,2020-02-11,BKN,24,28,106,30,21,26,29,40.2,75.0,32.4,20,53,10,0
729,7184,2020-02-11,ATL,15,40,126,28,33,35,30,53.4,94.1,43.2,33,31,12,0
730,7185,2020-02-11,MIN,16,36,126,36,39,19,32,45.3,85.7,45.0,24,38,23,0
731,7186,2020-02-11,SAC,21,32,111,24,34,32,21,41.6,72.2,32.6,23,49,13,0
732,7187,2020-02-11,UTA,35,18,123,32,39,29,23,59.0,76.2,42.9,27,45,21,0
733,7188,2020-02-11,SAS,22,31,120,40,27,26,27,48.2,88.0,50.0,33,36,10,0
734,7189,2020-02-11,MIA,35,18,113,24,38,21,30,49.4,71.4,36.4,36,45,11,0
735,7190,2020-02-11,PHX,21,33,100,30,22,23,25,42.1,80.6,35.5,26,29,13,0
736,7191,2020-02-12,LAC,37,17,103,22,32,23,26,44.4,69.2,45.2,25,42,9,0
737,7192,2020-02-12,CHI,19,36,114,26,36,20,32,47.8,71.4,41.0,25,44,20,0
738,7193,2020-02-12,POR,25,30,117,36,29,21,31,47.3,78.6,24.1,21,40,14,0
739,7194,2020-02-12,SAS,23,31,114,25,24,30,35,48.8,92.6,28.0,20,46,11,0
740,7195,2020-02-12,BOS,37,16,105,19,30,22,34,43.5,80.0,34.4,24,48,18,0
741,7196,2020-02-13,ATL,15,41,105,19,29,32,25,42.9,80.0,38.2,24,38,17,0
742,7198,2020-02-13,TOR,40,15,91,19,21,25,26,37.8,76.9,30.2,21,42,13,0
743,7199,2020-02-13,MIL,46,8,111,20,25,26,40,40.7,96.0,35.1,18,44,17,0
744,7200,2020-02-13,WAS,20,33,114,25,21,31,37,47.6,72.7,35.7,25,40,13,0
745,7201,2020-02-13,POR,25,31,104,27,36,19,22,37.1,79.2,35.1,21,51,11,0
746,7202,2020-02-13,CHA,18,36,115,28,22,31,34,46.7,65.2,41.2,22,52,13,0
747,7203,2020-02-13,SAC,21,33,111,28,24,25,34,41.4,77.3,30.8,26,40,5,0
748,7204,2020-02-13,GSW,12,43,106,24,26,26,30,50.6,89.5,35.5,27,38,22,0
749,7205,2020-02-13,MIA,35,19,101,28,24,22,27,43.2,75.0,33.3,19,37,11,0
750,7206,2020-02-13,LAL,41,12,120,23,38,23,27,50.5,51.9,36.4,29,49,12,0
751,7207,2020-02-14,LAC,37,18,133,32,26,29,27,41.8,81.1,31.4,19,55,15,0
752,7208,2020-02-14,OKC,33,22,123,29,37,32,25,50.0,81.8,48.1,28,40,7,0
753,7209,2020-02-21,MIL,47,8,126,32,38,28,28,50.5,81.5,30.3,24,41,7,0
754,7210,2020-02-21,MIA,35,20,124,36,28,33,27,40.8,86.8,29.7,28,51,15,0
755,7211,2020-02-21,BKN,25,29,104,20,32,26,25,35.3,78.6,29.4,22,49,16,0
756,7212,2020-02-21,CHA,19,36,103,33,27,19,24,47.3,86.2,28.6,22,44,17,0
757,7213,2020-02-21,MEM,28,27,125,35,26,29,35,50.6,84.4,40.0,25,51,19,0
758,7214,2020-02-21,HOU,35,20,135,38,34,37,26,52.9,90.9,51.0,31,36,15,0
759,7215,2020-02-22,DAL,34,22,122,34,30,27,31,39.4,78.9,20.9,21,48,7,0
760,7216,2020-02-22,CLE,15,40,113,32,29,20,32,53.1,64.0,40.7,19,47,21,0
761,7218,2020-02-22,PHX,22,34,101,23,20,35,23,41.3,82.6,17.6,29,34,17,0
762,7219,2020-02-22,BOS,39,16,127,24,37,34,32,46.3,78.4,34.5,21,58,10,0
763,7220,2020-02-22,DEN,38,18,101,17,31,29,24,48.1,91.3,22.2,19,39,19,0
764,7221,2020-02-22,SAS,24,31,113,27,38,28,20,44.0,88.5,50.0,22,48,6,0
765,7222,2020-02-22,MEM,28,28,105,22,19,36,28,45.7,51.6,31.2,22,50,16,0
766,7223,2020-02-22,NOP,24,32,128,40,33,29,26,53.6,60.6,52.9,36,46,17,0
767,7224,2020-02-22,SAC,23,33,112,25,29,34,24,44.9,76.9,38.7,25,48,13,0
768,7225,2020-02-23,BKN,26,29,115,30,25,33,27,48.3,73.7,36.2,26,54,10,0
769,7226,2020-02-23,DAL,34,23,107,35,31,20,21,44.9,68.4,31.8,23,48,16,0
770,7227,2020-02-23,CLE,15,41,105,32,20,26,27,48.1,72.7,36.1,29,40,24,0
771,7228,2020-02-23,PHX,23,34,112,22,25,36,29,44.2,83.9,33.3,26,47,19,0
772,7229,2020-02-23,PHI,35,22,98,21,29,23,25,35.4,83.3,34.2,17,43,10,0
773,7230,2020-02-23,HOU,36,20,120,38,24,38,20,48.9,71.4,41.7,20,42,10,0
774,7231,2020-02-23,BOS,39,17,112,19,35,33,25,45.8,76.7,38.2,20,44,17,0
775,7232,2020-02-23,IND,33,24,81,12,20,23,26,32.6,64.7,24.2,23,39,17,0
776,7233,2020-02-23,MIN,16,39,116,38,27,22,29,44.4,75.9,35.0,26,38,15,0
777,7234,2020-02-24,WAS,20,35,117,31,27,27,32,50.7,86.1,40.0,24,34,24,0
778,7235,2020-02-24,SAS,24,32,103,29,26,18,30,36.9,84.2,28.9,27,43,9,0
779,7236,2020-02-24,NOP,25,32,115,29,17,31,38,46.9,46.2,40.5,34,52,13,0
780,7238,2020-02-25,MIA,36,21,119,29,39,31,12,45.8,75.0,38.1,33,49,12,0
781,7239,2020-02-25,ATL,17,42,112,24,28,40,20,41.2,88.9,21.1,19,44,13,0
782,7240,2020-02-25,MIL,49,8,137,30,27,38,28,57.0,81.5,45.9,26,45,21,0
783,7241,2020-02-25,ORL,25,32,115,22,19,40,34,49.4,82.4,38.2,27,41,10,0
784,7242,2020-02-25,NYK,17,40,112,33,24,29,26,44.0,70.0,37.9,20,54,17,0
785,7243,2020-02-25,MIN,16,40,123,27,38,31,27,44.2,70.6,35.7,16,42,11,0
786,7244,2020-02-25,PHX,24,34,131,27,35,37,32,56.3,87.5,60.0,33,38,13,0
787,7245,2020-02-25,MEM,28,29,97,14,23,29,31,41.6,72.7,25.9,20,45,13,0
788,7246,2020-02-26,CHA,19,38,80,25,19,11,25,33.3,44.4,30.3,22,39,11,0
789,7247,2020-02-26,MIL,50,8,108,25,25,34,24,38.1,83.3,33.3,23,53,13,0
790,7248,2020-02-26,OKC,36,22,124,36,36,19,33,55.3,74.3,46.7,25,37,11,0
791,7249,2020-02-26,DET,19,41,98,23,23,26,26,40.7,81.0,36.6,24,33,16,0
792,7250,2020-02-26,NOP,25,33,109,26,32,28,23,45.3,76.7,29.6,31,45,20,0
793,7251,2020-02-26,BOS,40,17,118,28,28,29,33,47.8,92.9,48.7,19,45,14,0
794,7252,2020-02-26,SAC,24,33,112,33,22,26,31,52.6,55.9,43.3,25,40,10,0
795,7253,2020-02-27,NYK,17,41,101,27,19,29,26,50.6,64.7,26.7,22,42,15,0
796,7254,2020-02-27,PHI,36,23,94,17,27,24,26,40.4,64.3,34.2,22,31,8,0
797,7255,2020-02-27,BKN,26,31,106,17,30,37,22,41.4,68.6,27.8,15,56,18,0
798,7256,2020-02-27,ORL,26,32,130,23,41,39,27,49.0,72.0,43.8,30,52,8,0
799,7257,2020-02-27,MIN,17,40,129,29,28,38,34,51.6,72.0,37.0,28,33,16,0
800,7258,2020-02-27,DAL,36,23,109,36,23,29,21,41.9,66.7,37.8,25,43,15,0
801,7259,2020-02-27,MEM,28,30,112,17,30,41,24,39.8,61.9,33.3,28,49,14,0
802,7260,2020-02-27,LAC,39,19,102,21,33,22,26,44.0,93.3,36.8,22,46,15,0
803,7261,2020-02-27,BOS,41,17,114,23,30,32,29,53.6,81.2,42.3,21,44,8,0
804,7262,2020-02-28,NYK,17,42,106,21,25,33,27,50.6,58.3,34.8,28,39,8,0
805,7263,2020-02-28,POR,26,34,100,24,25,26,25,46.1,64.3,30.0,14,45,14,0
806,7264,2020-02-28,SAC,24,34,108,27,34,21,26,45.1,100,34.3,30,45,15,0
807,7266,2020-02-29,MIN,17,41,125,35,30,31,29,48.4,66.7,38.6,27,33,15,0
808,7267,2020-02-29,BKN,26,32,118,36,26,36,20,45.7,76.2,39.1,30,38,11,0
809,7268,2020-02-29,CHA,21,38,99,25,27,21,26,43.6,72.0,43.3,23,58,17,0
810,7269,2020-02-29,DAL,36,24,118,31,24,38,25,47.6,89.5,42.0,25,35,11,0
811,7270,2020-02-29,SAC,25,34,104,21,29,31,23,41.8,81.0,28.9,24,47,9,0
812,7271,2020-02-29,OKC,37,23,86,24,23,22,17,36.3,70.0,17.1,14,36,14,0
813,7272,2020-02-29,CLE,17,42,104,25,30,28,21,45.3,58.3,35.5,27,34,14,0
814,7273,2020-02-29,DET,20,41,113,29,23,32,29,48.9,75.0,40.6,27,31,10,0
815,7274,2020-02-29,WAS,21,37,119,28,32,21,38,45.9,71.4,37.8,23,41,11,0
816,7275,2020-02-29,DEN,40,19,103,27,29,23,24,45.1,75.0,36.0,19,39,14,0
817,7276,2020-02-29,CHI,20,40,115,25,28,33,29,46.1,69.6,48.6,26,33,8,0
818,7277,2020-03-01,POR,26,35,117,28,28,34,27,50.0,71.4,28.6,14,42,17,0
819,7278,2020-03-01,BKN,26,33,113,27,22,31,33,46.5,73.9,36.4,30,44,10,0
820,7279,2020-03-01,IND,36,24,113,30,26,30,27,54.0,78.6,34.8,30,38,13,0
821,7280,2020-03-01,LAL,45,13,88,25,21,20,22,40.9,58.3,25.0,26,45,14,0
822,7281,2020-03-01,HOU,39,20,111,19,26,36,23,41.8,77.8,27.3,17,53,16,0
823,7282,2020-03-01,ORL,27,33,113,27,26,28,32,48.8,69.6,40.5,28,41,18,0
824,7283,2020-03-01,GSW,13,47,115,28,33,31,23,47.1,75.0,30.0,30,49,10,0
825,7284,2020-03-01,MIL,52,8,93,26,19,25,23,40.2,76.2,22.6,20,61,16,0
826,7285,2020-03-01,DAL,37,24,111,28,35,18,30,46.8,63.2,27.5,28,56,14,0
827,7286,2020-03-01,PHI,37,24,130,39,33,24,34,50.5,65.0,48.8,27,37,9,0
828,7287,2020-03-01,TOR,42,18,118,32,37,27,22,46.1,89.7,26.3,24,36,11,0
829,7288,2020-03-01,DET,20,42,100,31,20,19,30,41.2,66.7,42.9,23,42,14,0
830,7289,2020-03-02,LAL,46,13,122,29,34,30,29,51.5,90.0,37.1,23,36,13,0
831,7290,2020-03-02,WAS,22,37,124,35,28,31,30,48.8,88.9,66.7,24,34,13,0
832,7291,2020-03-03,UTA,38,22,126,31,28,35,32,56.6,85.7,48.8,30,47,15,0
833,7292,2020-03-03,HOU,39,21,123,31,32,28,32,41.5,92.6,35.7,25,34,12,0
834,7293,2020-03-03,POR,27,35,130,35,34,23,38,55.7,100,48.5,27,49,11,0
835,7295,2020-03-03,MIL,52,9,89,26,26,18,19,40.7,63.2,20.6,19,48,13,0
836,7296,2020-03-03,DAL,37,25,107,29,29,17,32,47.6,75.0,28.6,26,44,16,0
837,7297,2020-03-03,IND,37,24,116,26,40,26,24,50.0,88.5,48.4,22,40,13,0
838,7298,2020-03-04,SAS,26,34,104,19,30,28,27,47.5,85.0,34.4,25,33,10,0
839,7299,2020-03-04,BKN,27,33,129,28,15,24,51,43.0,76.3,28.6,22,63,20,0
840,7300,2020-03-04,MIN,18,42,139,28,44,37,30,55.7,85.0,41.2,31,42,16,0
841,7301,2020-03-04,LAC,42,19,109,38,21,30,20,45.2,84.6,30.6,19,41,9,0
842,7302,2020-03-04,GSW,14,48,116,26,23,33,34,51.2,63.6,43.9,31,35,11,0
843,7303,2020-03-04,TOR,43,18,123,30,31,26,36,46.5,82.9,41.2,17,47,15,0
844,7304,2020-03-04,PHI,37,25,107,35,19,26,27,44.7,75.0,40.0,24,42,15,0
845,7305,2020-03-04,WAS,22,38,126,23,26,46,31,51.2,82.4,42.1,28,31,14,0
846,7306,2020-03-05,BOS,42,19,112,28,30,23,31,46.5,80.8,36.7,16,49,11,0
847,7307,2020-03-05,OKC,38,24,114,38,31,25,20,61.3,70.6,41.7,25,33,14,0
848,7308,2020-03-05,ORL,27,35,113,26,29,29,29,52.4,85.7,43.3,28,35,12,0
849,7309,2020-03-05,MEM,31,31,118,22,30,30,36,43.0,85.7,45.5,21,59,11,0
850,7310,2020-03-05,UTA,39,22,112,35,29,29,19,50.6,80.0,27.8,26,37,11,0
851,7311,2020-03-05,CHI,21,41,108,29,29,21,29,47.9,63.6,36.7,24,40,10,0
852,7312,2020-03-05,NOP,26,36,123,22,33,30,27,43.9,54.5,37.0,28,52,14,0
853,7313,2020-03-05,IND,37,25,100,23,33,23,21,43.3,81.8,25.9,22,39,15,0
854,7314,2020-03-05,WAS,22,39,104,30,31,18,25,38.8,61.9,31.4,27,48,10,0
855,7315,2020-03-06,DEN,42,20,114,31,29,20,34,53.0,90.0,30.8,29,38,12,0
856,7316,2020-03-06,LAC,43,19,120,33,34,23,30,46.4,74.4,32.5,22,57,14,0
857,7317,2020-03-06,PHI,38,25,125,32,31,33,29,49.0,82.4,45.9,24,45,12,0
858,7318,2020-03-06,TOR,44,18,121,32,30,27,32,47.6,90.3,31.7,28,39,11,0
859,7319,2020-03-07,ATL,19,45,112,34,23,18,37,53.5,66.7,37.5,25,36,17,0
860,7320,2020-03-07,SAS,26,35,120,22,32,41,25,46.7,88.9,29.4,25,38,6,0
861,7321,2020-03-07,OKC,39,24,126,27,34,34,31,49.0,80.0,38.7,26,38,4,0
862,7322,2020-03-07,UTA,40,22,99,30,32,17,20,45.0,83.3,37.8,23,40,18,0
863,7323,2020-03-07,IND,38,25,108,29,33,27,19,50.7,72.7,36.4,24,46,21,0
864,7324,2020-03-07,ORL,28,35,132,29,36,37,30,60.7,74.2,33.3,31,45,10,0
865,7325,2020-03-07,MIA,40,23,104,26,25,23,30,43.0,67.7,27.3,27,45,15,0
866,7327,2020-03-07,POR,28,36,117,22,36,24,35,49.4,75.0,40.6,26,39,16,0
867,7328,2020-03-07,MIL,53,10,103,22,26,28,27,41.6,73.9,27.9,22,45,19,0
868,7329,2020-03-07,HOU,39,23,99,17,26,33,23,46.1,70.0,33.3,22,42,20,0
869,7330,2020-03-08,UTA,41,22,111,28,27,24,32,51.9,75.0,30.3,17,40,9,0
870,7331,2020-03-08,DEN,42,21,102,33,28,22,19,50.6,37.5,40.6,28,33,17,0
871,7332,2020-03-08,ATL,19,46,101,18,27,33,23,33.7,85.7,26.5,23,46,14,0
872,7333,2020-03-08,PHI,38,26,114,26,31,33,24,48.8,86.4,38.2,29,41,11,0
873,7334,2020-03-08,SAC,28,35,123,40,37,23,23,48.2,87.0,53.8,30,47,14,0
874,7335,2020-03-08,CHI,21,43,107,23,27,20,37,42.4,68.0,35.3,23,31,7,0
875,7336,2020-03-08,NOP,28,36,120,36,35,27,22,48.9,67.7,31.4,28,54,25,0
876,7337,2020-03-08,LAL,49,13,112,27,22,36,27,44.8,85.7,28.6,22,45,12,0
877,7338,2020-03-08,OKC,40,24,105,29,23,31,22,44.3,73.5,40.0,16,39,16,0
878,7339,2020-03-08,MIL,53,11,131,28,31,32,40,53.7,76.2,39.4,23,36,10,0
879,7340,2020-03-08,MIA,41,23,100,29,28,15,28,48.5,82.1,46.4,21,46,20,0
880,7341,2020-03-08,IND,39,25,112,31,24,31,26,52.3,66.7,34.8,23,47,10,0
881,7342,2020-03-08,ORL,29,35,126,34,37,34,21,48.4,80.6,44.8,21,49,14,0
882,7343,2020-03-08,SAS,26,36,129,18,32,41,27,43.9,91.7,38.5,20,44,9,0
883,7344,2020-03-08,DET,20,45,84,22,25,24,13,36.2,68.2,28.9,21,35,11,0
884,7345,2020-03-09,TOR,45,18,118,22,29,27,40,47.6,77.8,39.6,27,36,9,0
885,7346,2020-03-09,CHA,22,42,138,32,31,31,28,55.2,59.3,48.8,33,53,15,0
886,7347,2020-03-10,MIL,53,12,95,24,30,17,24,37.8,66.7,30.0,23,48,17,0
887,7348,2020-03-10,TOR,46,18,101,27,30,19,25,43.4,88.9,36.1,22,53,18,0
888,7349,2020-03-10,BOS,43,21,114,30,29,35,20,44.1,86.4,35.1,19,46,8,0
889,7350,2020-03-10,NYK,20,45,115,31,39,17,28,51.9,74.2,38.1,30,36,18,0
890,7351,2020-03-11,CLE,19,46,103,29,23,26,25,50.0,73.9,25.0,29,35,18,0
891,7352,2020-03-11,MIN,19,45,111,35,21,24,31,48.2,73.9,40.0,21,41,18,0
892,7353,2020-03-11,ORL,30,35,120,27,23,35,35,46.7,90.9,42.4,31,41,15,0
893,7354,2020-03-11,DAL,39,27,109,29,30,26,24,45.7,72.7,38.6,23,42,14,0
894,7355,2020-03-11,PHX,26,39,105,28,25,25,27,40.2,96.0,34.4,26,43,14,0
895,7356,2020-03-11,LAC,44,20,131,35,41,35,20,50.0,100,45.5,28,47,10,0
896,7357,2020-03-11,BKN,30,34,104,27,29,31,17,41.1,73.9,32.5,24,47,10,0
897,7358,2020-03-11,NYK,21,45,136,33,34,29,22,53.2,73.5,39.3,32,47,12,0
898,7359,2020-03-11,CHA,23,42,109,22,37,28,22,45.1,81.8,50.0,20,50,14,0
